kod_stacji,nazwa_stacji,lon,lat,stan,stan_data,przelyw,przeplyw_data
150160330,SZCZYTNA,16.443056,50.415556,133,2025-03-31 09:20:00,,
150160340,SARNY,16.465833,50.547778,74,2025-03-31 09:20:00,,
150160350,SZALEJÓW GÓRNY,16.537222,50.418333,120,2025-03-31 09:20:00,,
150160360,STARKÓW,16.58,50.3775,156,2025-03-31 09:20:00,,
150160370,TOPOLICE,16.609167,50.366944,141,2025-03-31 09:20:00,,
150160380,KROSNOWICE,16.628611,50.383611,116,2025-03-31 09:20:00,,
150160390,ROZTOKI BYSTRZYCKIE,16.672222,50.190833,110,2025-03-31 09:20:00,,
150160410,GAJNIK,16.703889,50.193611,73,2025-03-31 09:20:00,,
150160420,GOWORÓW,16.711944,50.178889,64,2025-03-31 09:20:00,,
150169999,SĘDZISŁAW,16.045278,50.819444,54,2025-03-31 09:20:00,,
150170080,JARNOŁTÓWEK,17.428056,50.285833,68,2025-03-31 09:20:00,0,2025-03-31 09:20:00
150170320,MALERZOWICE WIELKIE,17.474444,50.584444,107,2025-03-31 09:20:00,11,2025-03-31 09:20:00
150180090,NĘDZA,18.310556,50.157778,45,2025-03-31 09:20:00,0,2025-03-31 09:20:00
150180140,RYBNIK,18.533056,50.1025,72,2025-03-31 09:20:00,0,2025-03-31 09:20:00
150180230,WESOŁA,18.69,50.561667,127,2025-03-31 09:20:00,1,2025-03-31 09:20:00
150180250,KŁODNICA,18.864167,50.236667,124,2025-03-31 09:20:00,1,2025-03-31 09:20:00
150180300,TYCHY,18.977778,50.086667,146,2025-03-31 09:20:00,,
150180310,BOBROWNIKI,18.963056,50.374444,154,2025-03-31 09:20:00,,
150180330,RYBNIK-PARUSZOWIEC,18.557222,50.11,55,2025-03-31 09:20:00,,
150190220,MSTÓW,19.288889,50.831111,67,2025-03-31 09:20:00,3,2025-03-31 09:20:00
150190240,KRĘCIWILK,19.370278,50.545278,20,2025-03-31 09:20:00,1,2025-03-31 09:20:00
150190250,SŁAWKÓW,19.398889,50.299722,185,2025-03-31 09:20:00,1,2025-03-31 09:20:00
150190270,GOLCZOWICE,19.6025,50.361389,94,2025-03-31 09:20:00,,
150190390,CZĘSTOCHOWA 1,19.125,50.795833,104,2025-03-31 09:20:00,,
150190400,CZĘSTOCHOWA 2,19.154167,50.806111,161,2025-03-31 09:20:00,,
150190410,CZĘSTOCHOWA 3,19.132778,50.813889,119,2025-03-31 09:20:00,,
150190440,SŁOWIK,19.183889,50.748333,86,2025-03-31 09:20:00,,
150190450,NOWA KUŹNICA,19.216111,50.620556,102,2025-03-31 09:20:00,,
150190460,MASŁOŃSKIE,19.253333,50.649167,147,2025-03-31 09:20:00,,
150190470,DĄBEK,19.444167,50.849444,177,2025-03-31 09:20:00,,
150190480,KRAKÓW-ŁAGIEWNIKI,19.937778,50.011944,106,2025-03-31 09:20:00,,
150200200,WIŚLICA 2,20.6725,50.340556,176,2025-03-31 09:20:00,,
150210050,WILKOWA,21.165833,50.4625,109,2025-03-31 09:20:00,1,2025-03-31 09:20:00
150210180,ANNOPOL,21.832222,50.899167,209,2025-03-31 09:20:00,237,2025-03-31 09:20:00
151140170,JANISZOWICE,14.653611,51.778611,72,2024-09-07 01:20:00,,
151140190,GUBIN,14.734444,51.941944,118,2025-03-31 09:20:00,,
151140200,SANICE,14.9675,51.417222,112,2025-03-31 09:20:00,,
151180190,GRABÓW NAD PROSNĄ,18.124167,51.51,206,2025-03-31 09:20:00,,
151180200,KUŚNIE,18.680833,51.535,115,2025-03-31 09:20:00,,
151180210,SMARDZEW,18.655556,51.596944,143,2025-03-31 09:20:00,,
151190130,KAZIMIERZ,19.2025,51.766111,209,2025-03-31 09:20:00,,
151210070,CYGANÓWKA,21.450278,51.861944,120,2025-03-31 09:20:00,1,2025-03-31 09:20:00
151220040,WITOWICE,22.086111,51.409167,243,2025-03-31 09:20:00,1,2025-03-31 09:20:00
151220070,LUBLIN,22.542222,51.217778,262,2025-03-31 09:20:00,2,2025-03-31 09:20:00
151220150,ZEMBORZYCE,22.491944,51.155556,147,2025-03-31 09:20:00,,
152140080,MACZKÓW,14.744444,52.275,46,2025-03-31 09:20:00,1,2025-03-31 09:20:00
152140100,DOLSK,14.843056,52.802778,68,2025-03-31 09:20:00,1,2025-03-31 09:20:00
152140110,SĄDÓW,14.8475,52.219444,73,2025-03-31 09:20:00,1,2025-03-31 09:20:00
152150180,MIERZĘCIN,15.829444,52.955833,42,2025-03-31 09:20:00,1,2025-03-31 09:20:00
152150220,ZBĄSZYŃ,15.923056,52.250278,62,2025-03-31 09:20:00,2,2025-03-31 09:20:00
152160060,KONOJAD,16.531944,52.151389,134,2025-03-31 09:20:00,0,2025-03-31 09:20:00
152160080,SZAMOTUŁY,16.581389,52.612222,62,2025-03-31 09:20:00,0,2025-03-31 09:20:00
152160150,GŁUSZYNA,16.953333,52.316944,147,2025-03-31 09:20:00,1,2025-03-31 09:20:00
152170030,WIERZENICA,17.071389,52.459167,115,2025-03-31 09:20:00,0,2025-03-31 09:20:00
152170040,PRUŚCE,17.098333,52.773056,122,2025-03-31 09:20:00,1,2025-03-31 09:20:00
152179994,RASZEWY,17.616389,52.09,188,2025-03-31 09:20:00,,
152180010,GĘBICE,18.033333,52.600556,143,2025-03-31 09:20:00,0,2025-03-31 09:20:00
152180020,GORYSZEWO,18.035278,52.626944,114,2025-03-31 09:20:00,0,2025-03-31 09:20:00
152180090,NOĆ KALINA,18.380556,52.438333,96,2025-03-31 09:20:00,1,2025-03-31 09:20:00
152180100,ŁYSEK,18.503611,52.406667,148,2025-03-31 09:20:00,0,2025-03-31 09:20:00
152180130,OTŁOCZYNEK,18.690278,52.8975,49,2025-03-31 09:20:00,0,2025-03-31 09:20:00
152180180,ZABOROWO,18.411667,52.419444,79,2025-03-31 09:20:00,,
152190100,BIELAWY,19.65,52.073611,248,2025-03-31 09:20:00,2,2025-03-31 09:20:00
152200100,LUBERADZ,20.477222,52.761389,165,2025-03-31 09:20:00,1,2025-03-31 09:20:00
152210020,PIASECZNO 2,21.039444,52.063333,174,2025-03-31 09:20:00,1,2025-03-31 09:20:00
152210070,WÓLKA MLĄDZKA,21.330278,52.139167,76,2025-03-31 09:20:00,2,2025-03-31 09:20:00
152219993,RÓŻAN,21.406111,52.885278,128,2025-03-31 09:20:00,,
152219996,ZIELONKA,21.140278,52.312778,237,2025-03-31 09:20:00,,
152230020,POROSIUKI,23.058611,52.02,94,2025-03-31 09:20:00,3,2025-03-31 09:20:00
153150020,MORZYCA,15.146944,53.208611,80,2025-03-31 09:20:00,1,2025-03-31 09:20:00
153150050,RESKO,15.395278,53.772778,325,2025-03-31 09:20:00,8,2025-03-31 09:20:00
153150100,DRAWNO,15.763889,53.217778,136,2025-03-31 09:20:00,7,2025-03-31 09:20:00
153150190,MOŁSTOWO,15.363611,53.987222,129,2025-03-31 09:20:00,,
153160110,WIESIÓŁKA,16.612222,53.271667,75,2025-03-31 09:20:00,3,2025-03-31 09:20:00
153160190,ZABRODZIE,16.748333,53.257222,125,2025-03-31 09:20:00,6,2025-03-31 09:20:00
153160200,GWDA WIELKA,16.793611,53.740278,65,2025-03-31 09:20:00,3,2025-03-31 09:20:00
153170060,SWORNEGACIE,17.498333,53.859722,225,2025-03-31 09:20:00,9,2025-03-31 09:20:00
153170070,SWORNEGACIE,17.509444,53.8825,153,2025-03-31 09:20:00,4,2025-03-31 09:20:00
153179996,CHOCIŃSKI MŁYN,17.448333,53.831389,50,2025-03-31 09:20:00,2,2025-03-31 09:20:00
153200020,SZREŃSK,20.128333,53.009722,73,2025-03-31 09:20:00,1,2025-03-31 09:20:00
153200050,SARNOWO,20.246389,53.268889,89,2025-03-31 09:20:00,1,2025-03-31 09:20:00
153210130,GŁODOWO,21.655556,53.726111,234,2025-03-31 09:20:00,,
153220250,DOLISTOWO STARE,22.906944,53.553333,214,2025-03-31 09:20:00,,
153220310,CZARNA WIEŚ,22.639444,53.711111,96,2025-03-31 09:20:00,0,2025-03-31 09:20:00
153230120,JAŁOWY RÓG,23.405833,53.9,51,2025-03-31 09:20:00,5,2025-03-31 09:20:00
153230160,GRÓDEK,23.671667,53.095,156,2025-03-30 13:20:00,0,2025-03-30 13:20:00
154150050,BIAŁOGARD,15.976389,54.003056,102,2025-03-31 09:20:00,8,2025-03-31 09:20:00
154160060,GRABOWO,16.4375,54.298333,,,,
154170240,BORUCINO ,17.98,54.255556,252,2025-03-31 09:20:00,0,2025-03-31 09:20:00
154170320,GŁUSZYNKO,17.453056,54.493056,85,2025-03-31 09:20:00,,
154170330,ŁEBSKO,17.536667,54.753056,537,2024-11-04 12:50:00,,
154170340,ŻELKÓWKO,17.084722,54.360278,144,2025-03-31 09:20:00,,
154179998,DAMNO,17.326111,54.529167,94,2025-03-31 09:20:00,,
154180030,ZAMOSTNE,18.103333,54.650278,42,2025-03-31 09:20:00,1,2025-03-31 09:20:00
154180050,WARSZKOWSKI MŁYN,18.153056,54.691667,31,2025-03-31 09:20:00,0,2025-03-31 09:20:00
154180070,BOLSZEWO,18.166667,54.610833,53,2025-03-31 09:20:00,1,2025-03-31 09:20:00
154180230,BORUCINO,17.996111,54.252778,636,2025-03-31 09:20:00,1,2025-03-31 09:20:00
154180280,DĘBKI,18.0625,54.831389,513,2025-03-31 09:20:00,,
154180290,REDA-CEDRON,18.269167,54.609722,336,2025-03-31 09:20:00,,
154220070,WÓLKA,22.616667,54.203889,401,2025-03-31 09:20:00,,
154220090,BRÓD STARY,22.880556,54.134444,52,2025-03-31 09:20:00,1,2025-03-31 09:20:00
154220100,KLESZCZÓWEK,22.910556,54.270833,201,2025-03-31 09:20:00,0,2025-03-31 09:20:00
154230010,POSZESZUPIE,23.020833,54.344444,125,2025-03-31 09:20:00,1,2025-03-31 09:20:00
149210190,UŚCIE GORLICKIE,21.140833,49.519722,161,2025-03-31 09:20:00,0,2025-03-31 09:20:00
149210210,PASTWISKA,21.928333,49.522222,103,2025-03-31 09:20:00,1,2025-03-31 09:20:00
149210450,DARÓW,21.910556,49.443611,232,2025-03-31 09:20:00,,
149210460,ODRZECHOWA,21.951389,49.545833,353,2025-03-31 09:20:00,,
149210470,MIEJSCE PIASTOWE,21.780556,49.631111,219,2025-03-31 09:20:00,,
149210480,WISŁOK WIELKI,21.979444,49.400556,221,2025-03-31 09:20:00,,
149229998,KAŃCZUGA,22.420556,49.98,282,2025-03-31 09:20:00,,
149229999,MANASTERZ,22.337778,49.9275,254,2025-03-31 09:20:00,,
150140140,KOPACZÓW,14.828611,50.872222,68,2025-03-31 09:20:00,,
150150230,OPAWA,15.925556,50.701389,80,2025-03-31 09:20:00,,
150159997,MISZKOWICE,15.928889,50.714444,40,2025-03-31 09:20:00,,
149210180,KUNKOWA,21.125278,49.549167,118,2025-03-31 09:20:00,0,2025-03-31 09:20:00
152229999,MAŁKINIA,22.016111,52.674167,137,2025-03-31 09:20:00,69,2025-03-31 09:20:00
152230200,ZABUŻE,23.048889,52.3175,254,2025-03-31 09:20:00,59,2025-03-31 09:20:00
152210170,WARSZAWA-BULWARY,21.020833,52.247222,79,2025-03-31 09:20:00,366,2025-03-31 09:20:00
149180040,GOŁKOWICE,18.496389,49.925833,123,2025-03-31 09:20:00,1,2025-03-31 09:20:00
149180050,ZEBRZYDOWICE,18.613333,49.88,20,2025-03-31 09:20:00,0,2025-03-31 09:20:00
149180140,WISŁA,18.900833,49.631944,110,2025-03-31 09:20:00,1,2025-03-31 09:20:00
149180390,MIZERÓW,18.812778,49.994444,98,2024-12-19 12:50:00,,
149190510,BRODY,19.694722,49.866389,107,2025-03-31 09:20:00,,
149200540,GDÓW 2,20.211667,49.901389,136,2025-03-31 09:20:00,,
149209990,PIEKIEŁKO,20.345833,49.749444,137,2025-03-31 09:20:00,,
154180260,PRUSZCZ GDAŃSKI_Kanał,18.63,54.253333,193,2024-09-27 14:20:00,1,2024-09-27 14:20:00
152180160,KONIN-MORZYSŁAW,18.294167,52.230556,291,2025-03-31 09:20:00,,
153140200,MORZYCZYN,14.916389,53.351389,98,2025-03-31 09:20:00,,
152200150,WYCHÓDŹC,20.422778,52.393889,288,2025-03-31 09:20:00,542,2025-03-31 09:20:00
152210150,POPOWO,21.175556,52.528056,255,2025-03-31 09:20:00,,
150230080,MICHALÓW,23.020556,50.734167,51,2025-03-31 09:20:00,3,2025-03-31 09:20:00
154160150,DARŁOWO,16.380278,54.439167,516,2025-03-31 09:20:00,,
151230010,TRAWNIKI,23.001111,51.138611,319,2025-03-31 09:20:00,7,2025-03-31 09:20:00
153190050,BRODNICA,19.400833,53.255556,128,2025-03-31 09:20:00,16,2025-03-31 09:20:00
153170050,CIECHOLEWY,17.410833,53.814444,122,2025-03-31 09:20:00,6,2025-03-31 09:20:00
153190130,KULIGI,19.690833,53.429444,62,2024-07-03 11:20:00,2,2024-07-03 11:20:00
153190100,DZIARNY,19.614722,53.570556,50,2025-03-31 09:20:00,1,2025-03-31 09:20:00
153190080,IŁAWA,19.556389,53.597778,919,2025-03-31 09:20:00,,
150210220,WŁOCHY,21.146944,50.9075,153,2025-03-31 09:20:00,0,2025-03-31 09:20:00
151210080,KAZANÓW,21.466667,51.273333,168,2025-03-26 03:20:00,2,2025-03-26 03:20:00
151210190,PUŁAWY-AZOTY,21.945556,51.445278,144,2025-03-31 09:20:00,277,2025-03-31 09:20:00
150150190,PODGÓRZYN,15.683611,50.820278,68,2025-03-31 09:20:00,1,2025-03-31 09:20:00
150150200,SOSNÓWKA,15.719167,50.822222,11,2025-03-31 09:20:00,0,2025-03-31 09:20:00
154170160,LĘBORK 2,17.747222,54.541944,112,2025-03-31 09:20:00,6,2025-03-31 09:20:00
153180150,ROGÓŹNO 2,18.948889,53.516667,84,2025-03-31 09:20:00,4,2025-03-31 09:20:00
153180130,KWIDZYN,18.911389,53.722222,108,2025-03-31 09:20:00,2,2025-03-31 09:20:00
154170190,BORUCINO,17.991389,54.253333,493,2025-03-31 09:20:00,,
149180240,GOCZAŁKOWICE,18.985833,49.931667,119,2025-03-26 03:20:00,9,2025-03-26 03:20:00
150140100,BOGATYNIA,14.995,50.892222,64,2025-03-31 09:20:00,0,2025-03-31 09:20:00
154180270,PRUSZCZ GDAŃSKI,18.630278,54.25,130,2025-03-31 09:20:00,3,2025-03-31 09:20:00
150190360,LAS,19.382222,50.035556,169,2025-03-31 09:20:00,136,2024-09-18 10:20:00
150170290,OPOLE-GROSZOWICE,17.938333,50.634167,413,2025-03-31 09:20:00,1100,2024-09-17 09:50:00
152199992,ŁOWICZ,19.960278,52.11,194,2025-03-31 09:20:00,6,2025-03-31 09:20:00
149180230,PODKĘPIE,18.9775,49.895556,240,2025-03-31 09:20:00,1,2025-03-31 09:20:00
150220170,ZWIERZYNIEC,22.966667,50.611111,,,,
154170090,IZBICA,17.428056,54.681111,506,2025-03-31 09:20:00,,
154170100,ŁEBA,17.550556,54.763333,509,2025-03-31 09:20:00,,
154180210,GDAŃSK - UJŚCIE WISŁY,18.943056,54.352778,525,2025-03-31 09:20:00,,
154180170,WIŚLINA,18.725278,54.3075,468,2025-03-26 03:20:00,,
153140060,WOLIN,14.616667,53.838056,517,2025-03-31 09:20:00,,
154190110,NOWE SADŁUKI,19.711667,54.260278,109,2025-03-31 09:20:00,1,2025-03-31 09:20:00
150230070,GOZDÓW,23.807222,50.7775,188,2025-03-31 09:20:00,4,2025-03-31 09:20:00
152230190,BIAŁOWIEŻA-PARK,23.841389,52.701389,99,2025-03-31 09:20:00,1,2025-03-31 09:20:00
154210090,GIŻYCKO,21.761111,54.035556,102,2025-03-31 09:20:00,,
149190030,MIKUSZOWICE,19.074167,49.779444,85,2025-03-31 09:20:00,0,2025-03-31 09:20:00
150170200,DOMARADZ,17.864444,50.954167,130,2025-03-31 09:20:00,,
150180010,KAMIONKA,18.0425,50.391111,102,2025-03-31 09:20:00,0,2025-03-31 09:20:00
150170210,KRZYWA GÓRA,17.878611,50.860833,146,2025-03-31 09:20:00,1,2025-03-31 09:20:00
149180300,OLZA,18.326389,49.954722,212,2025-03-31 09:20:00,35,2025-03-31 09:20:00
150180280,RYBNIK-GOTARTOWICE,18.628611,50.085556,275,2025-03-31 09:20:00,1,2025-03-31 09:20:00
150160080,TŁUMACZÓW,16.436111,50.551944,107,2025-03-31 09:20:00,1,2025-03-31 09:20:00
151150050,DOBROSZÓW WIELKI,15.256111,51.774167,303,2025-03-31 09:20:00,,
151150130,SZPROTAWA,15.555278,51.565278,175,2025-03-31 09:20:00,2,2025-03-31 09:20:00
150140030,TUROSZÓW,14.917778,50.938889,246,2025-03-31 09:20:00,1,2025-03-31 09:20:00
154170010,SŁUPSK,17.031111,54.47,110,2025-03-31 09:20:00,12,2025-03-31 09:20:00
150170040,OŁAWA,17.306389,50.946389,213,2025-03-31 09:20:00,965,2024-09-17 09:50:00
150140020,SIENIAWKA,14.836944,50.896389,70,2025-03-31 08:20:00,7,2025-03-31 08:20:00
151160060,GŁOGÓW,16.059167,51.673889,245,2025-03-31 09:20:00,128,2025-03-31 09:20:00
153220100,BURZYN,22.459167,53.274167,168,2025-03-31 09:20:00,15,2025-03-31 09:20:00
151150080,ŻAGAŃ,15.315833,51.618056,226,2025-03-31 09:20:00,17,2025-03-31 09:20:00
152160070,CZARNKÓW,16.554167,52.908333,213,2025-03-31 09:20:00,75,2025-03-31 09:20:00
152170150,TRĄBCZYN,17.976111,52.138056,117,2025-03-31 09:20:00,1,2025-03-31 09:20:00
152210060,ZAMBSKI KOŚCIELNE,21.206111,52.756111,167,2025-03-26 03:20:00,73,2025-03-26 03:20:00
154180100,WŁADYSŁAWOWO,18.418611,54.796667,509,2025-03-31 09:20:00,,
149180130,ISTEBNA,18.892778,49.571944,119,2025-03-31 09:20:00,1,2025-03-31 09:20:00
150180060,RACIBÓRZ-MIEDONIA,18.229722,50.121944,172,2025-03-31 09:20:00,39,2025-03-31 09:20:00
149210020,GORLICE,21.170278,49.654722,364,2025-03-31 09:20:00,1,2025-03-31 09:20:00
150160090,ŁAŻANY,16.4925,50.953056,100,2025-03-31 09:20:00,1,2025-03-31 09:20:00
150160170,BYSTRZYCA KŁODZKA,16.648333,50.293611,51,2025-03-31 09:20:00,4,2025-03-31 09:20:00
150170220,DOBRA,17.896944,50.448056,74,2025-03-31 09:20:00,1,2025-03-31 09:20:00
150190070,SZABELNIA,19.136667,50.259444,25,2025-03-31 09:20:00,2,2025-03-31 09:20:00
151210120,DĘBLIN,21.826389,51.562778,165,2025-03-31 09:20:00,305,2025-03-31 09:20:00
152150090,SANTOK,15.417778,52.739167,72,2025-03-31 09:20:00,,
153140020,WIDUCHOWA,14.381944,53.1225,538,2025-03-31 09:20:00,,
150220070,RZUCHÓW,22.501944,50.246944,238,2025-03-31 06:20:00,54,2025-03-31 06:20:00
149190270,RADZISZÓW,19.808889,49.94,170,2025-03-31 09:20:00,1,2025-03-31 09:20:00
149200110,TRYBSZ 2,20.1175,49.417778,208,2025-03-31 09:20:00,4,2025-03-31 09:20:00
150170010,ZBOROWICE,17.170556,50.805556,157,2025-03-31 09:20:00,2,2025-03-31 09:20:00
150180270,KOZŁOWA GÓRA,18.971944,50.412222,41,2025-03-31 09:20:00,,
150190330,OJCÓW,19.8325,50.194722,106,2025-03-31 09:20:00,0,2025-03-31 09:20:00
152150080,SANTOK,15.396667,52.733611,254,2025-03-31 09:20:00,,
151170110,BOGUSŁAW,17.953611,51.898333,74,2025-03-31 09:20:00,10,2025-03-31 09:20:00
151180170,ROGÓŹNO,18.974167,51.435556,145,2024-09-27 14:20:00,4,2024-09-27 14:20:00
151210020,MICHAŁÓW,21.101111,51.011667,54,2025-03-31 09:20:00,2,2025-03-31 09:20:00
153160180,PIŁA,16.739722,53.151389,128,2025-03-31 09:20:00,21,2025-03-31 09:20:00
153190090,NOWE MIASTO LUBAWSKIE,19.59,53.422222,201,2025-03-31 09:20:00,14,2025-03-31 09:20:00
153220070,WIZNA,22.408056,53.200833,196,2025-03-31 09:20:00,33,2025-03-31 09:20:00
151140040,PRZEWÓZ,14.946944,51.472222,100,2025-03-31 09:20:00,13,2025-03-31 09:20:00
151150160,ZAGRODNO,15.863889,51.188889,92,2025-03-31 09:20:00,0,2025-03-31 09:20:00
152170060,NOWA WIEŚ PODGÓRNA,17.59,52.141667,188,2025-03-31 09:20:00,43,2025-03-31 09:20:00
152200120,BORKOWO,20.665556,52.561667,129,2025-03-31 09:20:00,10,2025-03-31 09:20:00
154160140,CHARNOWO,16.9275,54.546111,180,2025-03-31 09:20:00,13,2025-03-31 09:20:00
154180020,MIŁOSZEWO,18.029444,54.44,156,2025-03-30 18:50:00,1,2025-03-30 18:50:00
154190040,NOWOTKI,19.3,54.2525,523,2025-03-31 09:20:00,,
154210080,PRYNOWO,21.72,54.244167,113,2025-03-31 09:20:00,1,2025-03-31 09:20:00
153140040,TRZEBIEŻ,14.518889,53.659167,522,2025-03-31 09:20:00,,
154180140,GDAŃSK - PORT PÓŁNOCNY,18.698056,54.399722,512,2025-03-31 09:20:00,,
154170120,SOSZYCA,17.579722,54.25,34,2025-03-31 09:20:00,2,2025-03-31 09:20:00
150160270,KAMIENIEC ZĄBKOWICKI,16.865,50.532222,183,2025-03-31 09:20:00,0,2025-03-31 09:20:00
150180050,OZIMEK,18.203889,50.679167,78,2025-03-31 09:20:00,4,2025-03-31 09:20:00
150190140,BIERUŃ NOWY,19.193611,50.064722,100,2025-03-31 09:20:00,13,2025-03-31 09:20:00
152140090,BIAŁA GÓRA,14.727222,52.093333,199,2025-03-31 09:20:00,,
150160130,MOŚCISKO,16.584167,50.781944,40,2025-03-31 09:20:00,1,2025-03-31 09:20:00
153140190,SZCZECIN-PODJUCHY,14.5925,53.368889,535,2025-03-31 09:20:00,,
151170010,KRZYŻANOWICE,17.0475,51.171111,114,2025-03-31 09:20:00,4,2025-03-31 09:20:00
151180150,WIDAWA,18.946667,51.438333,163,2025-03-18 10:50:00,0,2025-03-18 10:50:00
152230090,NAREW,23.522778,52.915833,48,2025-03-31 09:20:00,4,2025-03-31 09:20:00
153170140,SMUKAŁA,17.963056,53.188056,147,2025-03-31 09:20:00,18,2025-03-31 09:20:00
153210120,WALERY,21.619444,53.147222,170,2025-03-31 09:20:00,1,2025-03-31 09:20:00
153220260,DĘBOWO,22.930278,53.609722,91,2025-03-31 09:20:00,6,2025-03-31 09:20:00
151140050,RĘCZYN,14.98,51.043056,177,2025-03-31 09:20:00,2,2025-03-31 09:20:00
151160050,DUNINO,16.077222,51.156944,78,2025-03-31 09:20:00,3,2025-03-31 09:20:00
152200090,KRUBICE,20.451667,52.239722,99,2025-03-31 09:20:00,2,2025-03-31 09:20:00
150160290,GNIECHOWICE,16.829167,50.9875,76,2025-03-31 09:20:00,1,2025-03-31 09:20:00
153170040,WYRZYSK,17.270833,53.150833,58,2025-03-26 03:20:00,2,2025-03-26 03:20:00
154190030,OSŁONKA,19.244722,54.265,524,2025-03-31 09:20:00,,
154190050,NOWAKOWO,19.363056,54.230556,535,2025-03-31 09:20:00,,
154190080,ŻUKOWO,19.450833,54.102778,550,2025-03-31 09:20:00,,
154190090,TOLKMICKO,19.523056,54.323333,518,2025-03-31 09:20:00,,
154190130,NOWA PASŁĘKA,19.746111,54.425833,517,2025-03-31 09:20:00,,
154190140,BRANIEWO,19.826389,54.384167,549,2025-03-31 09:20:00,,
154190150,PIERZCHAŁY_2,19.848889,54.300556,432,2025-03-31 09:20:00,,
154190160,PIERZCHAŁY ,19.848889,54.300833,276,2025-03-31 09:20:00,,
154190170,ŁOZY,19.950833,54.194722,193,2025-03-31 09:20:00,10,2025-03-31 09:20:00
154200010,BORNITY,20.047778,54.185833,172,2025-03-31 09:20:00,2,2025-03-31 09:20:00
154200020,KROSNO,20.172778,54.130833,162,2025-03-31 09:20:00,2,2025-03-31 09:20:00
154200030,SMOLAJNY,20.396944,54.025833,130,2025-03-31 09:20:00,10,2025-03-31 09:20:00
154210010,SĘPOPOL,21.005833,54.266111,125,2025-03-31 09:20:00,16,2025-03-31 09:20:00
154210020,PROSNA,21.086667,54.233611,134,2025-03-31 09:20:00,3,2025-03-31 09:20:00
154210060,PRZYSTAŃ,21.650278,54.190833,123,2025-03-31 09:20:00,,
154210070,WĘGORZEWO,21.730833,54.226667,110,2025-03-31 09:20:00,1,2025-03-31 09:20:00
154210100,MIEDUNISZKI,21.98,54.326389,148,2025-03-31 09:20:00,4,2025-03-31 09:20:00
154220010,BANIE MAZURSKIE,22.029722,54.247778,130,2025-03-31 09:20:00,2,2025-03-31 09:20:00
154220050,JURKISZKI,22.368056,54.309167,55,2025-03-31 09:20:00,1,2025-03-31 09:20:00
151160070,WINNICA,16.093611,51.111667,42,2025-03-31 09:20:00,1,2025-03-31 09:20:00
151160080,RZESZOTARY,16.144722,51.248889,124,2025-03-31 09:20:00,3,2025-03-31 09:20:00
151160090,JAWOR,16.189722,51.048333,31,2025-03-31 09:20:00,1,2025-03-31 09:20:00
151160100,PIĄTNICA,16.199167,51.227778,145,2025-03-31 09:20:00,6,2025-03-31 09:20:00
151160130,ŚCINAWA,16.443333,51.408889,121,2025-03-31 09:20:00,106,2025-03-31 09:20:00
151160140,OSETNO,16.46,51.631944,175,2025-03-31 09:20:00,9,2025-03-31 09:20:00
151160150,MALCZYCE,16.489722,51.226944,201,2025-03-31 09:20:00,88,2025-03-31 09:20:00
151160170,BRZEG DOLNY,16.726667,51.260556,325,2025-03-31 09:20:00,,
151160180,BOGDASZOWICE,16.7925,51.086667,80,2025-03-31 09:20:00,2,2025-03-31 09:20:00
151160190,JARNOŁTÓW,16.842778,51.121667,104,2025-03-31 09:20:00,4,2025-03-31 09:20:00
151160200,KORZEŃSKO,16.8725,51.539167,168,2025-03-31 09:20:00,3,2025-03-31 09:20:00
151160220,KANCLERZOWICE,16.956111,51.453611,144,2025-03-31 09:20:00,2,2025-03-31 09:20:00
151160230,ŚLĘZA,16.985,51.0375,217,2025-03-31 09:20:00,2,2025-03-31 09:20:00
151170030,TRESTNO,17.146944,51.082222,320,2025-03-31 09:20:00,,
151170040,ŁĄKI,17.146389,51.493056,138,2025-03-31 09:20:00,3,2025-03-31 09:20:00
151170050,ZBYTOWA,17.406667,51.105833,272,2025-03-31 09:20:00,2,2025-03-31 09:20:00
151170060,BOGDAJ,17.564167,51.516111,196,2025-03-31 09:20:00,0,2025-03-31 09:20:00
151170070,ODOLANÓW,17.67,51.575556,55,2025-03-31 09:20:00,0,2025-03-31 09:20:00
151170080,ODOLANÓW,17.670278,51.578333,85,2025-03-31 09:20:00,0,2025-03-31 09:20:00
151170090,NAMYSŁÓW,17.71,51.080278,128,2025-03-31 09:20:00,1,2025-03-31 09:20:00
151180010,OŁOBOK,18.068889,51.639444,72,2025-03-26 03:20:00,1,2025-03-26 03:20:00
151180020,PIWONICE,18.107222,51.726667,95,2025-03-26 03:20:00,9,2025-03-26 03:20:00
151180030,KUŹNICA SKAKAWSKA,18.131667,51.279722,54,2025-03-26 03:20:00,1,2025-03-26 03:20:00
151180040,MIRKÓW,18.154722,51.315556,152,2025-03-26 03:20:00,3,2025-03-26 03:20:00
151180050,DĘBE,18.197778,51.791389,235,2025-03-31 09:20:00,2,2025-03-31 09:20:00
151180060,KRASZEWICE,18.225,51.519167,166,2024-09-27 14:20:00,0,2024-09-27 14:20:00
151180070,GORZÓW ŚLĄSKI,18.434444,51.035278,108,2025-03-26 03:20:00,1,2025-03-26 03:20:00
151180080,SIERADZ,18.741944,51.6,185,2025-03-31 09:20:00,32,2025-03-31 09:20:00
151180090,NIECHMIRÓW,18.762222,51.388056,107,2024-09-30 16:50:00,1,2024-09-30 16:50:00
151180100,OSJAKÓW,18.785,51.285556,157,2025-03-31 09:20:00,,
151180110,UNIEJÓW,18.791111,51.9725,8,2025-03-31 09:20:00,16,2025-03-31 09:20:00
151180120,BURZENIN,18.837778,51.458333,91,2025-03-31 09:20:00,20,2025-03-31 09:20:00
151180130,DZIAŁOSZYN,18.873333,51.110278,425,2025-03-31 09:20:00,15,2025-03-31 09:20:00
151180140,PODGÓRZE,18.943056,51.465,124,2025-03-31 09:20:00,9,2025-03-31 09:20:00
151180160,PODDĘBICE,18.949444,51.891667,115,2024-09-27 14:20:00,3,2024-09-27 14:20:00
151180180,GRABNO,18.985278,51.458333,122,2024-09-27 14:20:00,1,2024-09-27 14:20:00
151190010,KULE,19.048056,51.042778,110,2025-03-28 04:50:00,5,2025-03-28 04:50:00
151190030,ŁASK,19.121944,51.596944,112,2025-03-26 03:20:00,2,2025-03-26 03:20:00
151190040,LUTOMIERSK,19.221389,51.756389,148,2024-09-27 14:20:00,,
151190060,BOBRY,19.405278,51.025278,92,2025-03-31 09:20:00,8,2025-03-31 09:20:00
151190080,KŁUDZICE,19.781944,51.349167,257,2025-03-31 09:20:00,2,2025-03-31 09:20:00
151190090,PRZEDBÓRZ,19.875,51.089444,233,2025-03-26 03:20:00,12,2025-03-26 03:20:00
151190100,SULEJÓW-KOPALNIA,19.886111,51.343611,150,2025-03-31 09:20:00,15,2025-03-31 09:20:00
151190120,DĄBROWA,19.971667,51.313889,261,2025-03-31 09:20:00,3,2025-03-31 09:20:00
151200020,SPAŁA,20.133889,51.537222,32,2025-03-31 09:20:00,15,2025-03-31 09:20:00
151200090,NOWE MIASTO,20.573333,51.609167,54,2025-03-31 09:20:00,22,2025-03-31 09:20:00
151200100,BZIN,20.855556,51.103611,124,2025-03-31 09:20:00,1,2024-11-15 11:20:00
151200120,BIAŁOBRZEGI,20.951111,51.6575,152,2025-03-31 09:20:00,29,2025-03-31 09:20:00
151210010,WĄCHOCK,21.018889,51.075833,34,2025-03-31 09:20:00,1,2025-03-31 09:20:00
151210040,BRODY IŁŻECKIE,21.202778,51.021389,143,2025-03-31 08:50:00,3,2025-03-31 08:50:00
151210050,GUSIN,21.254444,51.892778,55,2025-03-31 09:20:00,358,2025-03-31 09:20:00
152230100,NAREWKA,23.725278,52.863056,117,2025-03-31 09:20:00,1,2025-03-31 09:20:00
152230110,BONDARY,23.748889,52.940278,175,2025-03-31 09:20:00,1,2025-03-31 09:20:00
152230120,SIEMIANÓWKA,23.757222,52.940278,164,2025-03-31 09:20:00,,
153140010,ŚWINOUJŚCIE,14.264444,53.908333,526,2025-03-31 09:20:00,,
153140050,SZCZECIN MOST DŁUGI,14.559722,53.4225,527,2025-03-31 09:20:00,,
153140070,DZIWNÓW,14.731667,54.020556,522,2025-03-31 09:20:00,,
153140090,GOLENIÓW,14.826944,53.563056,141,2025-03-31 09:20:00,9,2025-03-31 09:20:00
153150010,STARGARD,15.040833,53.350278,68,2025-03-31 09:20:00,6,2025-03-31 09:20:00
153160020,TYCHÓWKO,16.065278,53.900833,166,2025-03-31 09:20:00,7,2025-03-31 09:20:00
153160170,UJŚCIE,16.730278,53.054722,207,2025-03-31 09:20:00,19,2025-03-31 09:20:00
153160210,PTUSZA,16.796389,53.366667,197,2025-03-31 09:20:00,,
153170010,BIAŁOŚLIWIE,17.124722,53.073611,150,2025-03-31 09:20:00,7,2025-03-31 09:20:00
153170100,NAKŁO-ZACHÓD,17.562222,53.123611,232,2025-03-31 09:20:00,,
153170120,TUCHOLA,17.903333,53.573056,100,2025-03-31 09:20:00,16,2025-03-31 09:20:00
153180010,CZARNA WODA,18.092778,53.841111,49,2025-03-31 09:20:00,6,2025-03-31 09:20:00
153180020,FORDON,18.17,53.146667,186,2025-03-26 03:20:00,622,2025-03-26 03:20:00
153180080,CHEŁMNO,18.415,53.363056,220,2025-03-31 09:20:00,600,2025-03-31 09:20:00
153180090,TORUŃ,18.6075,53.007778,181,2025-03-31 09:20:00,575,2025-03-31 09:20:00
153180100,GRUDZIĄDZ,18.745278,53.485,219,2025-03-31 09:20:00,598,2025-03-31 09:20:00
153180110,BRODY POMORSKIE,18.760278,53.858333,177,2025-03-31 09:20:00,6,2025-03-31 09:20:00
153180120,HEL,18.800556,54.601944,511,2025-03-31 09:20:00,,
153180140,ELGISZEWO,18.928333,53.060833,79,2025-03-31 09:20:00,20,2025-03-31 09:20:00
153190040,BĄGART,19.369167,53.966111,696,2025-03-31 09:20:00,1,2025-03-31 09:20:00
153190120,RODZONE,19.659722,53.522222,174,2025-03-31 09:20:00,7,2025-03-31 09:20:00
153190150,LIDZBARK,19.818611,53.266667,69,2025-03-31 09:20:00,3,2025-03-31 09:20:00
153190170,OSTRÓDA,19.959444,53.702778,456,2025-03-31 09:20:00,,
153200030,KALISTY,20.195833,53.917222,48,2025-03-31 09:20:00,4,2025-03-31 09:20:00
153200040,TOMARYNY,20.206667,53.736111,164,2025-03-31 09:20:00,1,2025-03-31 09:20:00
153200090,SZYPRY,20.573611,53.835556,239,2025-03-31 09:20:00,,
153210070,BIAŁOBRZEG BLIŻSZY,21.478611,53.108333,87,2025-03-31 09:20:00,6,2025-03-31 09:20:00
153210090,OSTROŁĘKA,21.562778,53.083889,71,2025-03-31 09:20:00,53,2025-03-31 09:20:00
153210140,SZKWA,21.685833,53.180278,369,2025-03-31 09:20:00,1,2025-03-31 09:20:00
153210170,PTAKI,21.792222,53.393056,50,2025-03-31 09:20:00,8,2025-03-31 09:20:00
153210190,PISZ,21.806389,53.624444,108,2025-03-31 09:20:00,7,2025-03-31 09:20:00
153210200,MALDANIN,21.823889,53.650556,23,2025-03-31 09:20:00,,
153210210,NOWOGRÓD,21.865278,53.226667,58,2025-03-31 09:20:00,48,2025-03-31 09:20:00
153210220,DOBRYLAS,21.864722,53.285833,70,2025-03-31 09:20:00,9,2025-03-31 09:20:00
153220010,PIĄTNICA-ŁOMŻA,22.093333,53.193333,106,2025-03-31 09:20:00,36,2025-03-31 09:20:00
153220050,EŁK ,22.344167,53.820278,145,2025-03-31 09:20:00,,
153220060,EŁK ,22.383333,53.831667,82,2025-03-31 09:20:00,2,2025-03-31 09:20:00
153220080,PROSTKI,22.439167,53.700556,63,2025-03-31 09:20:00,3,2025-03-31 09:20:00
153220130,STRĘKOWA GÓRA,22.538611,53.219722,156,2025-03-31 09:20:00,15,2025-03-31 09:20:00
153220140,PRZECHODY,22.586389,53.555,180,2025-03-31 09:20:00,3,2025-03-31 09:20:00
153220160,OSOWIEC ,22.626667,53.486667,356,2025-03-31 09:20:00,4,2025-03-31 09:20:00
153220170,OSOWIEC ,22.638611,53.483056,243,2025-03-31 09:20:00,9,2025-03-31 09:20:00
153220180,ZAWADY ,22.673611,53.156944,251,2025-03-31 09:20:00,1,2025-03-31 09:20:00
153220190,RAJGRÓD ,22.699722,53.732778,155,2025-03-31 09:20:00,,
153220200,RAJGRÓD ,22.701667,53.730556,77,2025-03-31 09:20:00,1,2025-03-31 09:20:00
153220230,KULESZE-CHOBOTKI,22.764722,53.241667,174,2025-03-31 09:20:00,0,2025-03-31 09:20:00
153220270,BABINO,22.9425,53.154167,373,2025-03-31 09:20:00,,
153220280,BIAŁOBRZEGI,22.966389,53.804167,91,2025-03-31 09:20:00,2,2025-03-31 09:20:00
153230010,FASTY,23.026667,53.178611,106,2025-03-31 09:20:00,7,2025-03-31 09:20:00
153230020,KARPOWICZE,23.043333,53.585278,164,2025-03-31 09:20:00,2,2025-03-31 09:20:00
150220130,ZAPAŁÓW,22.89,50.100556,66,2025-03-31 09:20:00,2,2025-03-31 09:20:00
150220140,CHARYTANY,22.938611,50.003333,143,2025-03-31 09:20:00,2,2025-03-31 09:20:00
150220160,OSUCHY,22.955,50.398889,185,2025-03-31 09:20:00,3,2025-03-31 09:20:00
150230010,NIELISZ,23.041111,50.808611,18,2025-03-31 09:20:00,4,2025-03-31 09:20:00
150230040,KRASNYSTAW,23.176667,50.985278,286,2025-03-31 09:20:00,9,2025-03-31 09:20:00
150240010,STRZYŻÓW,24.035833,50.839444,339,2025-03-31 09:20:00,23,2025-03-31 09:20:00
150240020,KRYŁÓW,24.0625,50.677222,129,2025-03-31 09:20:00,18,2025-03-31 09:20:00
151140010,GUBIN,14.706944,51.971944,71,2025-03-31 09:20:00,16,2025-03-31 09:20:00
151140020,PLEŚNO,14.754444,51.915556,84,2025-03-31 09:20:00,,
151140030,PRZEWOŹNIKI,14.821667,51.525278,238,2025-03-31 09:20:00,0,2025-03-31 09:20:00
151140060,ZGORZELEC,14.993611,51.161111,175,2025-03-31 09:20:00,14,2025-03-31 09:20:00
151150010,ZGORZELEC,15.020556,51.130833,80,2025-03-31 08:50:00,1,2025-03-31 08:50:00
151150020,OSTRÓŻNO,15.032778,51.020833,145,2025-03-31 09:20:00,4,2025-03-31 09:20:00
151150040,NOWOGRÓD BOBRZAŃSKI,15.236944,51.798611,146,2025-03-31 09:20:00,37,2025-03-31 09:20:00
151150060,LEŚNA,15.286667,51.028333,9,2025-03-31 09:20:00,1,2025-03-31 09:20:00
151150070,ŻAGAŃ,15.289722,51.613889,85,2025-03-31 08:50:00,2,2025-03-31 08:50:00
151150090,ŁOZY,15.368611,51.491389,152,2025-03-31 09:20:00,7,2025-03-31 09:20:00
151150100,NOWOGRODZIEC,15.395833,51.203056,135,2025-03-31 09:20:00,4,2025-03-31 09:20:00
151150110,GRYFÓW ŚLĄSKI,15.413056,51.026667,111,2025-03-31 09:20:00,3,2025-03-31 09:20:00
151150120,SZPROTAWA,15.526667,51.561389,111,2025-03-31 09:20:00,13,2025-03-31 09:20:00
151150140,DĄBROWA BOLESŁAWIECKA,15.570556,51.325833,73,2025-03-31 09:20:00,10,2025-03-31 09:20:00
151150150,NOWA SÓL,15.721667,51.802222,187,2025-03-31 09:20:00,128,2025-03-31 09:20:00
151150170,ŚWIERZAWA,15.887778,51.017778,125,2025-03-31 09:20:00,1,2025-03-31 09:20:00
151150180,CHOJNÓW,15.945556,51.272778,59,2025-03-31 09:20:00,1,2025-03-31 09:20:00
151160020,RZYMÓWKA,16.025556,51.139444,111,2025-03-31 09:20:00,2,2025-03-31 09:20:00
151160040,BUKOWNA,16.046944,51.31,,,,
152150190,NOWE DREZDENKO,15.8375,52.850833,134,2025-03-31 09:20:00,51,2025-03-31 09:20:00
152150200,MIĘDZYCHÓD,15.886111,52.604167,128,2025-03-31 03:20:00,67,2025-03-31 03:20:00
152150240,DRAWINY,15.977778,52.885556,38,2025-03-31 09:20:00,18,2025-03-31 09:20:00
152160010,KRZYŻ,16.001667,52.861667,169,2025-03-31 09:20:00,35,2025-03-31 09:20:00
152160050,WRONKI,16.38,52.711667,170,2025-03-31 09:20:00,60,2025-03-31 09:20:00
152160090,KOŚCIAN,16.644167,52.09,124,2025-03-31 09:20:00,3,2025-03-31 09:20:00
152160100,OBORNIKI,16.813611,52.643611,197,2025-03-31 09:20:00,56,2025-03-31 09:20:00
152160110,KOWANÓWKO,16.836667,52.668611,114,2025-03-31 09:20:00,2,2025-03-31 09:20:00
152160130,MOSINA,16.856389,52.248333,58,2025-03-31 09:20:00,5,2025-03-31 09:20:00
152160140,POZNAŃ-MOST ROCHA,16.945278,52.402222,178,2025-03-31 09:20:00,50,2025-03-31 09:20:00
152170010,ŚREM,17.016111,52.093056,196,2025-03-31 09:20:00,45,2025-03-31 09:20:00
152170080,PYZDRY,17.695278,52.167778,209,2025-03-31 09:20:00,32,2025-03-31 09:20:00
152170120,SAMARZEWO,17.743056,52.223333,103,2025-03-31 09:20:00,0,2025-03-31 09:20:00
152170130,LĄD,17.886111,52.203611,146,2025-03-31 09:20:00,,
152180030,PAKOŚĆ,18.093056,52.8,172,2025-03-31 09:20:00,1,2025-03-31 09:20:00
152180050,SŁAWSK,18.133333,52.198333,258,2025-03-31 09:20:00,28,2025-03-31 09:20:00
152180060,POSOKA,18.2225,52.203056,180,2025-03-31 09:20:00,1,2025-03-31 09:20:00
152180120,KOŁO,18.634444,52.195278,197,2025-03-31 09:20:00,22,2025-03-31 09:20:00
152180140,GRZEGORZEW,18.742778,52.2,98,2025-03-31 09:20:00,0,2025-03-31 09:20:00
152180150,DĄBIE,18.823889,52.084722,105,2024-09-27 13:50:00,4,2024-09-27 13:50:00
152190030,WŁOCŁAWEK,19.069444,52.663333,151,2025-03-31 09:20:00,550,2025-03-31 09:20:00
152190050,KWIATKÓWEK,19.2175,52.0625,135,2025-03-31 09:20:00,1,2025-03-31 09:20:00
152190120,KĘPA POLSKA,19.963333,52.431389,220,2025-03-26 03:20:00,575,2025-03-26 03:20:00
152200010,KĘSZYCE,20.131389,52.135833,255,2025-03-31 09:20:00,4,2025-03-31 09:20:00
152200020,TRZCINIEC,20.171944,52.930556,184,2025-03-31 09:20:00,5,2025-03-31 09:20:00
152200030,WYSZOGRÓD,20.193056,52.384722,293,2025-03-31 09:20:00,553,2025-03-31 09:20:00
152200050,ŻUKÓW,20.269167,52.261667,105,2025-03-31 09:20:00,12,2025-03-31 09:20:00
152200110,MODLIN,20.659722,52.430556,274,2025-03-31 09:20:00,527,2025-03-31 09:20:00
152200130,ORZECHOWO,20.864444,52.488056,79,2025-03-31 09:20:00,,
152210030,MAKÓW MAZOWIECKI,21.106944,52.860833,154,2025-03-31 09:20:00,5,2025-03-31 09:20:00
152210040,WARSZAWA-NADWILANÓWKA,21.108056,52.186111,122,2025-03-31 09:20:00,350,2025-03-31 09:20:00
152210100,CZARNOWO,21.537222,52.883333,135,2025-03-31 09:20:00,1,2025-03-31 09:20:00
152210120,ŁOCHÓW,21.678333,52.51,126,2025-03-31 09:20:00,5,2025-03-31 09:20:00
152220010,ZALIWIE-PIEGAWKI,22.094722,52.253056,131,2025-03-31 09:20:00,2,2025-03-31 09:20:00
152220050,FRANKOPOL,22.560833,52.415,87,2025-03-31 09:20:00,62,2025-03-31 09:20:00
152220070,BRAŃSK,22.818611,52.743889,51,2025-03-31 09:20:00,2,2025-03-31 09:20:00
152220080,SURAŻ,22.955,52.948889,140,2025-03-31 09:20:00,7,2025-03-31 09:20:00
152230030,CHRABOŁY,23.195833,52.862222,105,2025-03-31 09:20:00,1,2025-03-31 09:20:00
152230040,PLOSKI,23.232222,52.902222,216,2025-03-31 09:20:00,5,2025-03-31 09:20:00
152230070,MALOWA GÓRA,23.4675,52.103611,209,2025-03-31 09:20:00,5,2025-03-31 09:20:00
152230080,KRZYCZEW,23.499167,52.146944,175,2025-03-26 03:20:00,54,2025-03-26 03:20:00
150160210,WILKANÓW,16.662222,50.265278,78,2025-03-31 09:20:00,0,2025-03-31 09:20:00
150170160,BRANICE,17.769444,50.051111,96,2025-03-31 09:20:00,1,2025-03-31 09:20:00
150190310,BALICE,19.806667,50.093056,240,2025-03-31 09:20:00,1,2025-03-31 09:20:00
151220080,TCHÓRZEW,22.556111,51.679167,189,2025-03-31 09:20:00,4,2025-03-31 09:20:00
152150100,BLEDZEW,15.421111,52.5175,134,2025-03-31 09:20:00,6,2025-03-31 09:20:00
151160160,RYDZYNA,16.668889,51.782778,129,2025-03-31 09:20:00,1,2025-03-31 09:20:00
151190020,SZCZERCÓW,19.113611,51.328333,136,2024-09-27 14:20:00,3,2024-09-27 14:20:00
153180060,KRĄPLEWICE,18.380833,53.489444,89,2025-03-31 09:20:00,6,2025-03-31 09:20:00
153210180,ZARUZIE,21.800278,53.148333,104,2025-03-31 09:20:00,1,2025-03-31 09:20:00
150220110,BIŁGORAJ,22.715278,50.542222,81,2025-03-31 09:20:00,1,2025-03-31 09:20:00
151150030,IŁOWA,15.198333,51.503056,132,2025-03-31 09:20:00,0,2025-03-31 09:20:00
152180110,KOŚCIELEC,18.575278,52.175278,140,2025-03-31 09:20:00,1,2025-03-31 09:20:00
152210090,WYSZKÓW,21.452778,52.588333,223,2025-03-31 09:20:00,87,2025-03-31 09:20:00
153230110,SUPRAŚL,23.338333,53.2125,102,2025-03-30 13:20:00,5,2025-03-30 13:20:00
154180120,GDYNIA,18.555278,54.517778,508,2025-03-31 09:20:00,,
154190100,PASŁĘK,19.66,54.070556,425,2025-03-31 09:20:00,1,2025-03-31 09:20:00
154190060,ELBLĄG,19.387778,54.171944,534,2025-03-31 09:20:00,,
150170150,KARŁOWICE,17.721667,50.878611,159,2025-03-31 09:20:00,2,2025-03-31 09:20:00
149180060,CIESZYN,18.629722,49.745833,24,2025-03-31 09:20:00,4,2025-03-31 09:20:00
150200060,SIEROSŁAWICE,20.456667,50.131944,77,2025-03-31 09:20:00,49,2025-03-31 09:20:00
150210160,KOPRZYWNICA,21.573056,50.595833,188,2025-03-31 09:20:00,1,2025-03-31 09:20:00
149190080,CIĘCINA,19.148889,49.624722,98,2025-03-31 09:20:00,4,2025-03-31 09:20:00
149190220,SKAWICA DOLNA,19.663611,49.686111,69,2025-03-31 09:20:00,2,2025-03-31 09:20:00
149200120,NIEDZICA,20.302222,49.411389,126,2025-03-31 09:20:00,1,2025-03-31 09:20:00
149210030,KLĘCZANY,21.216667,49.701389,76,2025-03-31 09:20:00,3,2025-03-31 09:20:00
149220110,KALNICA,22.429167,49.188889,284,2025-03-31 09:20:00,3,2025-03-31 09:20:00
149220190,PRZEMYŚL,22.767222,49.784722,80,2024-09-27 14:20:00,14,2024-09-27 14:20:00
149200300,MUSZYNA,20.891944,49.339444,100,2025-03-31 09:20:00,7,2025-03-31 09:20:00
150200170,ŻABNO,20.861944,50.131944,130,2025-03-31 09:20:00,35,2025-03-31 09:20:00
150220030,NISKO,22.192778,50.52,134,2025-03-31 09:20:00,62,2025-03-31 09:20:00
149190380,ZAKOPANE-HARENDA,19.9775,49.316111,147,2025-03-31 09:20:00,2,2025-03-31 09:20:00
149200290,MUSZYNA-MILIK,20.885278,49.35,101,2025-03-31 09:20:00,9,2025-03-31 09:20:00
153230130,HARASIMOWICZE,23.448889,53.6625,492,2025-03-31 09:20:00,1,2025-03-31 09:20:00
149180250,CZECHOWICE-DZIEDZICE,18.986389,49.913611,195,2025-03-31 09:20:00,1,2025-03-31 09:20:00
149220170,KROŚCIENKO,22.662778,49.473056,102,2025-03-31 09:20:00,1,2025-03-31 09:20:00
150200100,POPĘDZYNKA,20.549444,50.141389,177,2025-03-31 09:20:00,56,2025-03-31 09:20:00
150220010,RZESZÓW,22.015556,50.039722,47,2025-03-31 09:20:00,4,2025-03-31 09:20:00
149200010,PORONIN,20.003056,49.337222,132,2025-03-31 09:20:00,1,2025-03-31 09:20:00
149200280,ZGŁOBICE,20.879722,49.975,107,2025-03-31 09:20:00,34,2025-03-31 09:20:00
150210140,BRZEŹNICA,21.486944,50.106389,95,2025-03-31 09:20:00,1,2025-03-31 09:20:00
149190010,CZECHOWICE-BESTWINA,19.030278,49.891389,112,2025-03-31 09:20:00,1,2025-03-31 09:20:00
150190120,PRZECZYCE,19.177778,50.427222,61,2025-03-31 09:20:00,1,2025-03-31 09:20:00
151200080,ODRZYWÓŁ,20.562778,51.519444,127,2025-03-31 09:20:00,3,2025-03-31 09:20:00
153140030,GRYFINO,14.484444,53.256944,532,2025-03-31 09:20:00,,
153180030,BOŻEPOLE SZLACHECKIE,18.231111,53.976389,61,2025-03-31 09:20:00,2,2025-03-31 09:20:00
153200070,OLSZTYN-KORTOWO,20.471667,53.756389,60,2025-03-31 09:20:00,3,2025-03-31 09:20:00
153220090,CZACHY,22.446111,53.378056,224,2025-03-31 09:20:00,1,2025-03-31 09:20:00
154150030,KOŁOBRZEG,15.553333,54.186667,520,2025-03-31 09:20:00,,
149180080,DROGOMYŚL,18.749444,49.885833,114,2025-03-31 09:20:00,,
150140010,PORAJÓW,14.821389,50.887222,35,2025-03-31 09:20:00,4,2025-03-31 09:20:00
149190250,JABŁONKA,19.695278,49.472222,142,2024-07-03 12:30:00,1,2024-07-03 12:30:00
150200030,BRZEGI,20.413889,50.741944,88,2025-03-31 09:20:00,8,2025-03-31 09:20:00
150210090,KUNÓW,21.278889,50.961944,95,2025-03-31 09:20:00,4,2025-03-31 09:20:00
154170080,ŁUPAWA,17.415556,54.419444,52,2025-03-31 09:20:00,4,2025-03-31 09:20:00
154180060,GORĘCZYNO,18.164722,54.263611,109,2025-03-31 09:20:00,2,2025-03-31 09:20:00
154180080,WEJHEROWO,18.225,54.613333,62,2025-03-31 09:20:00,3,2025-03-31 09:20:00
154180090,PUCK,18.410833,54.7225,506,2025-03-31 09:20:00,,
154180150,TCZEW,18.805556,54.087222,330,2025-03-31 09:20:00,608,2025-03-31 09:20:00
154180160,GDAŃSK - SOBIESZEWO,18.815278,54.346389,510,2025-03-31 09:20:00,,
154180180,SUCHY DĄB,18.731944,54.231389,515,2025-03-31 09:20:00,,
154180190,GDAŃSK - PRZEGALINA,18.929167,54.310556,526,2025-03-31 09:20:00,,
154180200,GDAŃSK - ŚWIBNO,18.935556,54.336389,520,2025-03-31 09:20:00,,
154180220,GDAŃSKA GŁOWA ,18.951389,54.266944,537,2025-03-31 09:20:00,,
154190010,NOWY DWÓR GDAŃSKI,19.113056,54.214444,534,2025-03-31 09:20:00,,
154190020,TUJSK,19.138333,54.284167,531,2025-03-31 09:20:00,,
150220120,ZAKŁODZIE,22.86,50.7575,68,2025-03-31 09:20:00,2,2025-03-31 09:20:00
153160160,UJŚCIE 2,16.721389,53.055,209,2025-03-28 06:50:00,,
150190130,ŁAGISZA,19.185556,50.350278,127,2025-03-31 09:20:00,2,2025-03-31 09:20:00
149210140,ISKRZYNIA,21.864444,49.677222,210,2025-03-31 09:20:00,0,2025-03-31 09:20:00
149210150,PUŁAWY,21.906667,49.49,103,2025-03-31 08:50:00,1,2025-03-31 08:50:00
149210160,SIENIAWA,21.93,49.567778,152,2025-03-31 09:20:00,2,2025-03-31 09:20:00
149220010,NOWOSIELCE,22.070833,49.566944,134,2025-03-31 09:20:00,0,2025-03-31 09:20:00
149220020,SZCZAWNE,22.150278,49.403611,60,2025-03-31 09:20:00,2,2025-03-31 09:20:00
149220030,OLCHOWCE,22.218611,49.556111,151,2025-03-31 09:20:00,29,2025-03-31 09:20:00
149220040,DYNÓW,22.244167,49.800833,123,2025-03-31 09:20:00,33,2025-03-31 09:20:00
149220050,ZAGÓRZ,22.268889,49.513333,107,2025-03-31 09:20:00,2,2025-03-31 09:20:00
149220060,LESKO,22.322222,49.469167,182,2025-03-31 08:50:00,25,2025-03-31 08:50:00
149220070,HOCZEW,22.328333,49.423889,108,2025-03-31 09:20:00,1,2025-03-31 09:20:00
149220080,CISNA,22.333333,49.213056,90,2025-03-31 09:20:00,1,2025-03-31 09:20:00
149220100,TERKA,22.429167,49.299722,95,2025-03-31 09:20:00,5,2025-03-31 09:20:00
149220130,ZATWARNICA,22.563056,49.235,142,2025-03-31 09:20:00,12,2025-03-31 09:20:00
149220140,POLANA,22.574167,49.3025,308,2025-03-31 09:20:00,1,2025-03-31 09:20:00
149180010,KRZYŻANOWICE,18.287222,49.993611,137,2025-03-31 09:20:00,40,2025-03-31 09:20:00
149180020,CHAŁUPKI,18.327778,49.921944,182,2025-03-31 09:20:00,32,2025-03-31 09:20:00
149180030,ŁAZISKA,18.443056,49.924444,132,2025-03-31 09:20:00,7,2025-03-31 09:20:00
149180070,CIESZYN,18.631389,49.746111,123,2025-03-31 09:20:00,0,2025-03-31 09:20:00
149180090,MIZERÓW-BORKI,18.768611,49.998611,177,2024-09-27 14:20:00,1,2024-09-27 14:20:00
149180100,SKOCZÓW,18.791667,49.803333,152,2025-03-31 09:20:00,3,2025-03-31 09:20:00
149180110,USTROŃ-OBŁAZIEC,18.850278,49.680556,124,2025-03-31 09:20:00,2,2025-03-31 09:20:00
149180120,GÓRKI WIELKIE,18.8525,49.7725,163,2024-07-03 11:20:00,1,2024-07-03 11:20:00
149180160,WISŁA-CZARNE,18.918611,49.618889,71,2025-03-31 09:20:00,1,2025-03-31 09:20:00
149180180,WISŁA-CZARNE (Biała Wisełka),18.935556,49.618056,74,2025-03-31 09:20:00,0,2025-03-31 09:20:00
149180200,WISŁA-CZARNE (Czarna Wisełka),18.926111,49.6075,78,2024-11-21 09:20:00,0,2024-11-21 09:20:00
149180210,ZABRZEG,18.935278,49.925278,217,2025-03-19 09:50:00,13,2025-03-19 09:50:00
149180220,PSZCZYNA,18.945833,49.979167,218,2025-03-31 09:20:00,1,2025-03-31 09:20:00
149220150,DWERNIK,22.632778,49.218611,116,2025-03-31 09:20:00,7,2025-03-31 09:20:00
149220160,RYBOTYCZE,22.638333,49.654444,155,2025-03-31 09:20:00,1,2025-03-31 09:20:00
149220180,STUPOSIANY,22.683611,49.185833,166,2025-03-31 09:20:00,0,2025-03-31 09:20:00
149220200,KRÓWNIKI,22.823056,49.766944,81,2025-03-31 09:20:00,3,2025-03-31 09:20:00
149220210,NIENOWICE,22.916944,49.937778,66,2025-03-31 08:50:00,1,2025-03-31 08:50:00
150150010,MIRSK,15.383889,50.989444,331,2025-03-31 09:20:00,3,2025-03-31 09:20:00
150150020,MIRSK,15.383889,50.986667,126,2025-03-31 09:20:00,1,2025-03-31 09:20:00
150150030,JAKUSZYCE,15.44,50.8225,32,2025-03-26 03:20:00,1,2025-03-26 03:20:00
150150040,BARCINEK,15.603889,50.943889,41,2025-03-31 09:20:00,1,2025-03-31 09:20:00
150150050,PIECHOWICE,15.588333,50.85,82,2025-03-31 09:20:00,3,2025-03-31 09:20:00
150150060,PILCHOWICE,15.640556,50.963889,12,2025-03-31 09:20:00,3,2025-03-31 09:20:00
150150070,JELENIA GÓRA,15.722222,50.898611,71,2025-03-31 09:20:00,5,2025-03-31 09:20:00
150150080,JELENIA GÓRA,15.721389,50.910833,94,2025-03-31 09:20:00,10,2025-03-31 09:20:00
150150090,ŁOMNICA,15.803056,50.876389,229,2025-03-31 09:20:00,2,2025-03-31 09:20:00
150150100,WOJANÓW,15.826944,50.870556,84,2025-03-31 09:20:00,3,2025-03-31 09:20:00
150150110,KOWARY,15.834167,50.794722,30,2025-03-31 09:20:00,0,2025-03-31 09:20:00
150150120,BUKÓWKA,15.9575,50.712778,84,2025-03-31 09:20:00,1,2025-03-31 09:20:00
150150130,BŁAŻKOWA,15.986389,50.739444,76,2025-03-31 09:20:00,1,2025-03-31 09:20:00
150160010,KAMIENNA GÓRA,16.036111,50.786389,66,2025-03-31 09:20:00,1,2025-03-31 09:20:00
150160020,ŚWIEBODZICE,16.313611,50.860278,110,2025-03-31 09:20:00,1,2025-03-31 09:20:00
149190140,ŁĘKAWICA,19.262222,49.711667,112,2025-03-31 09:20:00,,
154220110,GOŁDAP 2,22.311944,54.312778,90,2025-03-31 09:20:00,1,2025-03-31 09:20:00
150200010,MNISZEK,20.285,50.7275,176,2025-03-31 09:20:00,1,2025-03-31 09:20:00
150200020,BOCHENIEC,20.311667,50.8025,241,2025-03-31 09:20:00,1,2025-03-31 09:20:00
150200040,TOKARNIA,20.453056,50.774167,114,2025-03-31 09:20:00,4,2025-03-31 09:20:00
150200050,MICHAŁÓW,20.456389,50.491667,88,2025-03-31 09:20:00,2,2025-03-31 09:20:00
150200070,BISKUPICE,20.499167,50.1775,298,2025-03-31 09:20:00,3,2025-03-31 09:20:00
150200080,PIŃCZÓW,20.520278,50.514167,192,2024-09-27 14:20:00,10,2024-09-27 14:20:00
150200090,SŁOWIK,20.536111,50.832778,211,2025-03-31 09:20:00,1,2025-03-31 09:20:00
150200120,MORAWICA,20.616667,50.750278,136,2025-03-31 09:20:00,2,2025-03-31 09:20:00
150200140,BORZĘCIN,20.705556,50.065,106,2025-03-31 09:20:00,1,2025-03-31 09:20:00
150200150,KARSY,20.774722,50.275,122,2025-03-31 09:20:00,106,2025-03-31 09:20:00
150200160,DALESZYCE,20.813056,50.800833,119,2025-03-31 09:20:00,0,2025-03-31 09:20:00
150210010,RAKÓW,21.028611,50.676111,113,2025-03-31 09:20:00,1,2025-03-31 09:20:00
150210020,SZCZUCIN,21.077222,50.326944,112,2025-03-31 09:20:00,122,2025-03-31 09:20:00
150210030,MOCHA,21.080278,50.670556,295,2025-03-31 09:20:00,1,2025-03-31 09:20:00
150210040,RZEPIN,21.091944,50.972778,107,2025-03-31 09:20:00,0,2025-03-31 09:20:00
150210060,STASZÓW,21.173056,50.556389,169,2025-03-31 09:20:00,2,2025-03-31 09:20:00
150210070,WAMPIERZÓW,21.230833,50.299444,67,2025-03-31 09:20:00,1,2025-03-31 09:20:00
150210080,NIETULISKO DUŻE,21.241944,50.978889,250,2025-03-31 09:20:00,1,2025-03-31 09:20:00
150210100,POŁANIEC,21.285,50.434722,121,2025-03-31 09:20:00,4,2025-03-31 09:20:00
150210110,GŁOWACZOWA,21.3125,50.049722,154,2025-03-31 09:20:00,0,2025-03-31 09:20:00
150210120,MIELEC 2,21.430278,50.279167,188,2025-03-31 09:20:00,17,2025-03-31 09:20:00
150210130,PUSTKÓW,21.465,50.143333,104,2025-03-31 09:20:00,15,2025-03-31 09:20:00
150210150,KOŁO,21.511111,50.504722,143,2025-03-31 09:20:00,149,2025-03-31 09:20:00
150210170,SANDOMIERZ,21.746111,50.6725,104,2025-03-31 09:20:00,155,2025-03-31 09:20:00
150210190,ZAWICHOST,21.863056,50.805833,228,2025-03-31 09:20:00,241,2025-03-31 09:20:00
150160030,CHWALISZÓW,16.233056,50.877778,127,2025-03-31 09:20:00,0,2025-03-31 09:20:00
150210200,GRĘBÓW,21.911944,50.575833,226,2025-03-31 09:20:00,2,2025-03-31 09:20:00
150210210,RADOMYŚL,21.930833,50.673611,232,2025-03-31 09:20:00,69,2025-03-31 09:20:00
150220020,RUDA JASTKOWSKA,22.139722,50.5975,36,2025-03-31 09:20:00,2,2025-03-31 09:20:00
150220040,SARZYNA,22.3475,50.327222,136,2025-03-31 08:50:00,0,2025-03-31 08:50:00
150220050,HARASIUKI,22.474167,50.4775,97,2025-03-31 09:20:00,7,2025-03-31 09:20:00
150220060,GORLICZYNA,22.487222,50.085556,145,2025-03-31 09:20:00,1,2025-03-31 09:20:00
150220080,TRYŃCZA,22.547222,50.162222,194,2025-03-31 09:20:00,9,2025-03-31 09:20:00
150220090,LEŻACHÓW,22.603056,50.140278,139,2025-03-31 09:20:00,45,2025-03-31 09:20:00
150220100,JAROSŁAW,22.702778,50.021111,62,2025-03-31 09:20:00,41,2025-03-31 09:20:00
149190020,KAMESZNICA,19.069722,49.568056,130,2025-03-31 09:20:00,1,2025-03-31 09:20:00
149190040,UJSOŁY,19.117222,49.4925,65,2025-03-31 09:20:00,1,2025-03-31 09:20:00
149190050,RAJCZA,19.116389,49.513889,184,2025-03-31 09:20:00,1,2025-03-31 09:20:00
149190060,JAWISZOWICE,19.121944,49.9725,257,2025-03-31 09:20:00,7,2025-03-31 09:20:00
149190070,ŁODYGOWICE,19.136111,49.727222,362,2025-03-31 09:20:00,2,2025-03-31 09:20:00
149190090,ŻABNICA,19.180278,49.564722,97,2025-03-31 09:20:00,1,2025-03-31 09:20:00
149190100,ŻYWIEC,19.193333,49.686389,209,2025-03-31 09:20:00,7,2025-03-31 09:20:00
149190120,CZANIEC-KOBIERNICE,19.227778,49.848333,146,2025-03-31 09:20:00,1,2025-03-31 09:20:00
149190150,PEWEL MAŁA,19.305556,49.658611,98,2025-03-31 09:20:00,2,2025-03-31 09:20:00
149190160,RUDZE,19.4425,49.961667,195,2025-03-27 14:50:00,24,2025-03-27 14:50:00
149190170,ZATOR,19.445556,49.999167,67,2025-03-31 09:20:00,8,2025-03-31 09:20:00
149190180,WADOWICE,19.511111,49.877222,109,2025-03-31 09:20:00,6,2025-03-31 09:20:00
149190200,SUCHA BESKIDZKA,19.601111,49.743333,128,2025-03-16 10:20:00,2,2025-03-16 10:20:00
149190210,SUCHA BESKIDZKA,19.608611,49.739444,103,2025-03-31 09:20:00,3,2025-03-31 09:20:00
149190230,CZERNICHÓW-PROM,19.663056,49.981389,182,2025-03-26 03:20:00,43,2025-03-26 03:20:00
149190260,OSIELEC,19.739167,49.683333,47,2025-02-24 13:20:00,1,2025-02-24 13:20:00
149190280,KONIÓWKA,19.818056,49.395556,131,2025-03-31 09:20:00,2,2025-03-31 09:20:00
149190290,JORDANÓW,19.83,49.636389,154,2025-03-31 09:20:00,0,2025-03-31 09:20:00
149190300,KOŚCIELISKO-KIRY,19.868056,49.275833,57,2025-03-31 09:20:00,1,2025-03-31 09:20:00
149190310,STRÓŻA,19.924722,49.796944,42,2025-03-31 09:20:00,4,2025-03-31 09:20:00
149190340,RABKA 2,19.948889,49.613611,76,2025-03-31 09:20:00,1,2025-03-31 09:20:00
149190350,KRZCZONÓW,19.953889,49.736667,167,2025-03-31 09:20:00,0,2025-03-31 09:20:00
149190360,LUDŹMIERZ,19.975556,49.468611,118,2025-03-31 09:20:00,0,2025-03-31 09:20:00
149190370,LUBIEŃ,19.978333,49.719722,70,2025-03-31 09:20:00,0,2025-03-31 09:20:00
149190390,LUDŹMIERZ,19.986667,49.459444,172,2025-03-31 09:20:00,1,2025-03-31 09:20:00
149200020,SZAFLARY,20.024722,49.424167,99,2025-03-31 09:20:00,4,2025-03-31 09:20:00
149200030,NOWY TARG,20.031111,49.484444,116,2025-03-31 09:20:00,4,2025-03-31 09:20:00
149200040,KASINKA MAŁA,20.0325,49.704722,102,2025-03-31 09:20:00,2,2025-03-31 09:20:00
149200050,NOWY TARG-KOWANIEC,20.053611,49.486944,160,2025-03-31 09:20:00,10,2025-03-31 09:20:00
149200060,MSZANA DOLNA,20.059167,49.658056,120,2025-03-31 09:20:00,1,2025-03-31 09:20:00
149200080,MSZANA DOLNA,20.079444,49.674722,80,2025-03-31 09:20:00,1,2025-03-31 09:20:00
149200090,DOBCZYCE,20.086111,49.883611,222,2025-03-31 09:20:00,3,2025-03-31 09:20:00
149200100,ŁYSA POLANA,20.115,49.263611,167,2025-03-31 09:20:00,1,2025-03-31 09:20:00
149200130,STRADOMKA,20.308333,49.920556,47,2025-03-31 09:20:00,1,2025-03-31 09:20:00
149200140,SROMOWCE WYŻNE,20.353889,49.400556,209,2024-07-03 11:20:00,23,2024-07-03 11:20:00
149200150,TYLMANOWA,20.386944,49.517222,127,2025-03-31 09:20:00,1,2025-03-31 09:20:00
149200160,KROŚCIENKO,20.429444,49.441667,164,2025-03-31 09:20:00,12,2025-03-31 09:20:00
149200170,PROSZÓWKI,20.438333,49.996389,220,2025-01-15 13:20:00,6,2025-01-15 13:20:00
149200190,GOŁKOWICE,20.57,49.549722,139,2025-03-31 09:20:00,15,2025-03-31 09:20:00
149200200,JAKUBKOWICE,20.63,49.739444,52,2025-03-31 09:20:00,2,2025-03-31 09:20:00
149200220,STARY SĄCZ,20.659722,49.568611,123,2025-03-31 09:20:00,10,2025-03-31 09:20:00
149200230,CZCHÓW,20.681944,49.816389,110,2025-03-31 09:20:00,35,2025-03-31 09:20:00
149200240,NOWY SĄCZ,20.687222,49.627222,68,2025-03-31 09:20:00,27,2025-03-31 09:20:00
149200250,NOWY SĄCZ,20.695833,49.625278,84,2025-03-31 09:20:00,1,2025-03-31 09:20:00
149200260,NOWY SĄCZ,20.704722,49.635278,203,2025-03-31 09:20:00,0,2025-03-31 09:20:00
149200270,ŁABOWA,20.858889,49.526389,57,2025-03-31 09:20:00,0,2025-03-31 09:20:00
149200310,GRYBÓW,20.945833,49.623889,261,2025-03-31 09:20:00,0,2025-03-31 09:20:00
149200320,KOSZYCE WIELKIE,20.949444,49.997222,90,2025-03-31 07:50:00,3,2025-03-31 07:50:00
149200330,CIĘŻKOWICE,20.973611,49.792222,175,2025-03-31 09:20:00,2,2025-03-31 09:20:00
149210010,ROPA,21.046389,49.585833,171,2025-03-31 09:20:00,2,2025-03-31 09:20:00
149210040,ŁABUZIE,21.309722,49.987778,250,2025-03-31 09:20:00,12,2025-03-31 09:20:00
149210050,KRAJOWICE,21.4125,49.772222,133,2025-03-31 09:20:00,8,2025-03-31 09:20:00
149210060,TOPOLINY,21.443333,49.724722,54,2025-03-31 09:20:00,4,2025-03-31 09:20:00
149210070,ŻÓŁKÓW,21.459167,49.73,49,2025-03-31 09:20:00,2,2025-03-31 09:20:00
149210080,JASŁO,21.473056,49.750278,105,2025-03-31 08:20:00,2,2025-03-31 08:20:00
149210090,KREMPNA-KOTAŃ,21.484167,49.516389,264,2025-03-31 09:20:00,1,2025-03-31 09:20:00
149210100,ZBOISKA,21.698333,49.574444,151,2025-03-31 09:20:00,1,2025-03-31 09:20:00
149210110,KROSNO,21.774722,49.693889,175,2025-03-31 09:20:00,2,2025-03-31 09:20:00
149210120,GODOWA,21.811667,49.848611,584,2025-03-31 09:20:00,1,2025-03-31 09:20:00
149210130,ŻARNOWA,21.8175,49.877778,148,2025-03-31 09:20:00,4,2025-03-31 09:20:00
151210090,CZEKARZEWICE,21.681389,51.033056,48,2025-03-31 09:20:00,4,2025-03-31 09:20:00
151220010,KOŚMIN,22.001389,51.573056,190,2025-03-31 09:20:00,26,2025-03-31 09:20:00
151220090,LUBARTÓW,22.643611,51.498056,207,2025-03-31 09:20:00,16,2025-03-31 09:20:00
151220100,SOBIANOWICE,22.688056,51.301667,111,2025-03-31 09:20:00,4,2025-03-31 09:20:00
151230040,WŁODAWA,23.566389,51.551389,123,2025-03-31 09:20:00,32,2025-03-31 09:20:00
151230060,DOROHUSK,23.807778,51.185,130,2025-03-31 09:20:00,27,2025-03-31 09:20:00
152140010,BIELINEK,14.154167,52.929167,291,2025-03-31 09:20:00,,
152140020,GOZDOWICE,14.317778,52.764167,287,2025-03-31 09:20:00,322,2025-03-31 09:20:00
152140050,SŁUBICE,14.555556,52.348056,182,2025-03-31 09:20:00,203,2025-03-31 09:20:00
152140060,KOSTRZYN NAD ODRĄ,14.610556,52.599167,228,2025-03-31 09:20:00,,
152140070,KOSTRZYN NAD ODRĄ,14.662222,52.581944,219,2025-03-31 09:20:00,,
152140130,POŁĘCKO,14.892222,52.0525,131,2025-03-31 09:20:00,175,2025-03-31 09:20:00
152150010,ŚWIERKOCIN,14.999444,52.650556,261,2025-03-31 09:20:00,,
152150020,STARY RADUSZEC,15.078611,52.036389,227,2025-03-31 09:20:00,,
152150040,GORZÓW WIELKOPOLSKI,15.253056,52.73,233,2025-03-31 09:20:00,133,2025-03-31 09:20:00
152150050,NIETKÓW,15.3475,52.046389,202,2025-03-31 09:20:00,140,2025-03-31 09:20:00
152150110,SKWIERZYNA,15.500278,52.601944,209,2025-01-15 13:50:00,81,2025-01-15 13:50:00
152150130,CIGACICE,15.6075,52.033056,184,2025-03-31 09:20:00,132,2025-03-31 09:20:00
152150140,GOŚCIMIEC,15.638333,52.775556,204,2025-03-31 09:20:00,51,2025-03-31 09:20:00
150160040,KUDOWA-ZDRÓJ-ZAKRZE,16.243889,50.430833,228,2025-03-31 09:20:00,0,2025-03-31 09:20:00
150160060,JUGOWICE,16.403333,50.733056,25,2025-03-31 09:20:00,1,2025-03-31 09:20:00
150160070,LUBACHÓW,16.431111,50.765833,147,2025-03-31 09:20:00,0,2025-03-31 09:20:00
150160100,GORZUCHÓW,16.571111,50.485278,56,2025-03-31 09:20:00,3,2025-03-31 09:20:00
150160110,SZALEJÓW DOLNY,16.604722,50.419722,111,2025-03-31 09:20:00,1,2025-03-31 09:20:00
150160120,KRASKÓW,16.583889,50.915556,126,2025-03-31 09:20:00,2,2025-03-31 09:20:00
150160140,DZIERŻONIÓW,16.646111,50.725833,155,2025-03-31 09:20:00,1,2025-03-31 09:20:00
150160150,BYSTRZYCA KŁODZKA,16.648611,50.296389,26,2025-03-31 09:20:00,0,2025-03-31 09:20:00
150160160,MIETKÓW,16.650556,50.968333,152,2025-03-30 21:50:00,2,2025-03-30 21:50:00
150160180,KŁODZKO,16.658611,50.4425,153,2025-03-31 09:20:00,14,2025-03-31 09:20:00
150160190,MIĘDZYLESIE,16.664167,50.155556,92,2025-03-31 09:20:00,0,2025-03-31 09:20:00
150160200,ŻELAZNO,16.673889,50.373056,45,2025-03-31 09:20:00,2,2025-03-31 09:20:00
150160220,BARDO,16.739722,50.504444,96,2025-03-31 09:20:00,11,2025-03-31 09:20:00
150160230,LĄDEK-ZDRÓJ,16.870278,50.346667,41,2025-03-31 09:20:00,3,2025-03-31 09:20:00
150160250,BIAŁOBRZEZIE,16.892222,50.802222,58,2025-03-31 09:20:00,0,2025-03-31 09:20:00
150160280,BORÓW,16.990556,50.888889,103,2025-03-31 09:20:00,1,2025-03-31 09:20:00
150170030,OŁAWA,17.292778,50.947778,117,2025-03-31 09:20:00,3,2025-03-31 09:20:00
150170050,BIAŁA NYSKA,17.2975,50.433611,200,2025-03-31 09:20:00,227,2024-09-14 16:50:00
150170060,NYSA,17.341667,50.481111,140,2025-03-31 09:20:00,8,2025-03-31 09:20:00
150170070,GŁUCHOŁAZY,17.379444,50.316111,165,2025-03-31 09:20:00,232,2024-09-14 05:50:00
150170090,BRZEG,17.469444,50.865556,165,2025-03-31 09:20:00,,
150170100,KOPICE,17.478333,50.645556,101,2025-03-31 08:50:00,33,2025-03-31 08:50:00
150170110,PRUDNIK,17.588611,50.319444,110,2025-03-31 09:20:00,1,2025-03-31 09:20:00
150170120,NIEMODLIN,17.624444,50.645556,236,2025-03-31 09:20:00,1,2025-03-31 09:20:00
150170130,UJŚCIE NYSY KŁODZKIEJ,17.661111,50.818333,278,2025-03-31 09:20:00,1550,2024-09-17 09:50:00
150170140,SKOROGOSZCZ,17.675,50.761944,26,2025-03-31 09:20:00,10,2025-03-31 09:20:00
150170170,BRANICE,17.771944,50.051389,196,2025-03-31 09:20:00,4,2025-03-31 09:20:00
150170180,RACŁAWICE ŚLĄSKIE,17.788889,50.315278,183,2025-03-31 09:20:00,1,2025-03-31 09:20:00
150170240,KRAPKOWICE,17.968056,50.477222,224,2025-03-26 03:20:00,,
150180020,TURAWA,18.076667,50.739722,126,2025-03-31 09:20:00,3,2025-03-31 09:20:00
150180030,KOŹLE,18.146667,50.351944,284,2025-03-31 09:20:00,,
150180040,BOJANÓW,18.154167,50.030556,55,2025-03-31 09:20:00,1,2025-03-31 09:20:00
150180070,LENARTOWICE,18.235556,50.3575,127,2025-03-31 09:20:00,4,2025-03-31 09:20:00
150180080,GRABÓWKA,18.275833,50.284444,43,2025-03-31 09:20:00,1,2025-03-31 09:20:00
150180100,STANISZCZE WIELKIE,18.3425,50.663333,62,2025-03-31 09:20:00,4,2025-03-31 09:20:00
150180110,RUDA KOZIELSKA,18.401667,50.204722,148,2025-03-31 09:20:00,2,2025-03-31 09:20:00
150180130,RYBNIK-STODOŁY,18.483056,50.154167,101,2025-03-31 09:20:00,2,2025-03-31 09:20:00
150180150,PYSKOWICE-DZIERŻNO,18.543333,50.379722,292,2025-03-31 09:20:00,,
150180160,PYSKOWICE-DZIERŻNO,18.543056,50.3825,288,2025-03-31 09:20:00,,
150180170,PYSKOWICE,18.588889,50.386389,139,2025-03-31 09:20:00,0,2025-03-31 09:20:00
150180190,KRUPSKI MŁYN,18.624444,50.571111,29,2025-03-31 09:20:00,2,2025-03-31 09:20:00
150180210,NIWKI,18.6625,50.820833,136,2025-03-31 09:20:00,1,2025-03-31 09:20:00
150180220,GLIWICE,18.668333,50.298056,80,2025-03-31 09:20:00,3,2025-03-31 09:20:00
150190010,BRYNICA,19.000556,50.4725,150,2025-03-31 09:20:00,0,2025-03-31 09:20:00
150190060,BOJSZOWY,19.108333,50.061111,77,2025-03-11 10:50:00,2,2025-03-11 10:50:00
150190080,RADOCHA,19.140278,50.260833,49,2025-03-31 09:20:00,3,2025-03-31 09:20:00
151210060,ROGOŻEK,21.358611,51.635556,126,2025-03-31 09:20:00,3,2025-03-31 09:20:00
150190100,NIWKA,19.160833,50.235833,194,2025-03-31 09:20:00,4,2025-03-31 09:20:00
150190150,PORAJ,19.203889,50.673333,55,2025-03-31 09:20:00,1,2025-03-31 09:20:00
150190160,OŚWIĘCIM,19.218611,50.04,264,2025-03-31 09:20:00,7,2025-03-31 09:20:00
150190170,PUSTYNIA,19.236389,50.063333,218,2025-03-31 09:20:00,175,2024-09-17 14:50:00
150190180,JELEŃ,19.239722,50.161111,143,2025-03-31 09:20:00,11,2025-03-31 09:20:00
150190190,PIWOŃ,19.253333,50.483056,174,2025-03-31 09:20:00,0,2025-03-31 09:20:00
150190200,LGOTA NADWARCIE,19.259444,50.618333,90,2025-03-31 08:50:00,1,2025-03-31 08:50:00
150190210,KUŹNICA SULIKOWSKA,19.272778,50.453056,112,2025-03-26 03:20:00,0,2025-03-26 03:20:00
150190260,SMOLICE,19.460278,50.031111,134,2025-03-31 09:20:00,,
150190280,WĄSOSZ,19.682778,50.751111,171,2025-03-31 09:20:00,3,2025-03-31 09:20:00
150190340,KRAKÓW-BIELANY,19.843333,50.040278,156,2025-03-31 09:20:00,237,2024-09-18 11:50:00
150190350,JANUSZEWICE,19.960833,50.941667,289,2025-03-31 09:20:00,2,2025-03-31 09:20:00
153230060,ZAWADY,23.106667,53.160278,211,2025-03-31 09:20:00,0,2025-03-31 09:20:00
153230070,SZTABIN,23.116389,53.671944,124,2025-03-31 09:20:00,2,2025-03-31 09:20:00
153230080,SOCHONIE,23.180556,53.216944,54,2025-03-26 03:20:00,1,2025-03-26 03:20:00
153230140,SOKOŁDA,23.476389,53.247222,164,2025-03-31 09:20:00,2,2025-03-31 09:20:00
153230170,NOWOSIÓŁKI,23.53,53.173333,126,2025-03-30 13:20:00,1,2025-03-30 13:20:00
154150010,TRZEBIATÓW,15.260833,54.063611,144,2025-03-31 09:20:00,16,2025-03-31 09:20:00
154150040,BARDY,15.713889,54.091667,216,2025-03-31 09:20:00,20,2025-03-31 09:20:00
154160020,BIAŁOGÓRZYNO,16.116667,54.0625,60,2025-03-31 09:20:00,7,2025-03-31 09:20:00
154160070,STARY KRAKÓW,16.606389,54.442222,196,2025-03-31 09:20:00,12,2025-03-31 09:20:00
154160110,USTKA,16.853889,54.588056,514,2024-07-03 11:20:00,,
154160120,KORZYBIE,16.878333,54.280556,36,2025-03-31 09:20:00,7,2025-03-31 09:20:00
154170060,SMOŁDZINO,17.214722,54.661667,32,2025-03-31 09:20:00,7,2025-03-31 09:20:00
154180300,SKARSZEWY,18.429167,54.056667,231,2025-03-31 09:20:00,1,2025-03-31 09:20:00
150200180,ORŁÓW,20.036111,50.284167,148,2025-03-31 09:20:00,,
154170110,CECENOWO,17.564167,54.654444,129,2025-03-31 09:20:00,10,2025-03-31 09:20:00
150210410,WOLA RANIŻOWSKA,21.987778,50.294167,237,2025-03-31 09:20:00,,
152150230,CHEŁST,15.949167,52.829167,351,2025-03-31 09:20:00,1,2025-03-31 09:20:00
154190180,NOWY ŚWIAT - UJŚCIE,19.311111,54.363889,514,2025-03-31 09:20:00,,
149200520,PIERZCHÓW,20.28,49.934167,169,2025-03-31 09:20:00,,
150200210,LESZCZYNY,20.764722,50.877778,152,2025-03-31 09:20:00,,
153140110,OKUNICA,14.938056,53.1975,98,2025-03-31 09:20:00,2,2025-03-31 09:20:00
151230050,RUDA-OPALIN,23.584722,51.256667,112,2025-03-31 09:20:00,1,2025-03-31 09:20:00
153190190,TAMA BRODZKA,19.476944,53.281667,147,2025-03-31 09:20:00,1,2025-03-31 09:20:00
153190180,BACHOTEK,19.443056,53.32,325,2025-03-31 09:20:00,1,2025-03-31 09:20:00
154160130,CIECHOLUB,16.901944,54.165833,133,2025-03-31 09:20:00,3,2025-03-31 09:20:00
154220030,MAŁE WRONKI,22.221944,54.021667,234,2025-03-31 09:20:00,1,2025-03-31 09:20:00
154209999,OLKOWO,20.038333,54.105833,230,2025-03-31 09:20:00,,
151220050,MŁYNISKA,22.386667,51.542778,135,2025-03-31 09:20:00,1,2025-03-31 09:20:00
150180340,KLUCZBORK,18.24,50.969167,61,2025-03-31 09:20:00,,
154170180,WAWRZYNOWO,17.8975,54.045556,97,2025-03-31 09:20:00,,
154210110,SMOKOWO,21.323611,54.066111,92,2025-03-31 09:20:00,,
153180050,BŁĘDNO,18.347222,53.701667,90,2025-03-31 09:20:00,7,2025-03-31 09:20:00
154230040,ZELWA,23.458611,54.026944,32,2025-03-31 09:20:00,1,2025-03-31 09:20:00
153220290,SZCZEBRA,22.975278,53.906111,63,2025-03-31 09:20:00,1,2025-03-31 09:20:00
150160400,BOBOSZÓW,16.691667,50.114722,115,2025-03-31 09:20:00,,
150190430,KAMIENICA POLSKA,19.154167,50.687222,126,2025-03-31 09:20:00,,
152230060,TRZEŚCIANKA,23.425556,52.938889,296,2025-03-31 09:20:00,0,2025-03-31 09:20:00
149200530,SKRZYNKA,20.132778,49.874722,140,2025-03-31 09:20:00,,
154180010,SARNOWY,18.016111,54.072778,108,2025-03-31 09:20:00,1,2025-03-31 09:20:00
153220240,RACZKI,22.786111,53.990833,58,2025-03-31 09:20:00,1,2025-03-31 09:20:00
149190490,BYSTRA 2,19.783611,49.651667,204,2025-03-31 09:20:00,,
151200040,OPOCZNO,20.300833,51.381389,255,2025-03-31 09:20:00,2,2025-03-31 09:20:00
151190110,ZAWADA,19.942778,51.53,133,2025-03-31 09:20:00,2,2025-03-31 09:20:00
150230030,KRZAK,23.104444,50.8025,146,2025-03-31 09:20:00,2,2025-03-31 09:20:00
153220110,CHEŁCHY,22.467778,53.879444,73,2025-03-31 09:20:00,1,2025-03-31 09:20:00
153170110,MOTYL,17.826667,53.428056,482,2025-03-31 09:20:00,1,2025-03-31 09:20:00
150230020,WIRKOWICE,23.098889,50.866111,169,2025-03-31 09:20:00,6,2025-03-31 09:20:00
152140120,MYŚLIBÓRZ,14.862222,52.921389,96,2025-03-31 09:20:00,1,2025-03-31 09:20:00
152200080,STRACHOWO,20.438611,52.630556,149,2025-03-31 09:20:00,1,2025-03-31 09:20:00
154190070,KRYNICA MORSKA,19.445278,54.378611,518,2025-03-31 09:20:00,,
151200110,SŁOWIKÓW,20.888056,51.457222,39,2025-03-31 09:20:00,1,2025-03-31 09:20:00
154230030,CZERWONY FOLWARK,23.117222,54.069722,183,2025-03-31 09:20:00,3,2025-03-31 09:20:00
151210110,MIKA,21.756111,51.673333,246,2025-03-31 09:20:00,2,2025-03-31 09:20:00
152209994,NOWE MIASTO,20.632778,52.655833,79,2025-03-31 09:20:00,,
150230050,ORŁÓW DREWNIANY,23.196667,50.915,242,2025-03-31 09:20:00,1,2025-03-31 09:20:00
151210130,BÓR,21.878056,51.014167,160,2025-03-31 09:20:00,1,2025-03-31 09:20:00
152209996,SOCHOCIN,20.469167,52.685278,202,2025-03-31 09:20:00,,
151210100,OZIEMKÓWKA,21.751667,51.916389,59,2025-03-31 09:20:00,1,2025-03-31 09:20:00
152230050,PERKOWICE,23.285,51.996389,53,2025-03-31 09:20:00,2,2025-03-31 09:20:00
152220060,HRUSZEW,22.720278,52.320556,160,2025-03-31 09:20:00,1,2025-03-31 09:20:00
151220120,PARCZEW,22.908056,51.6475,130,2025-03-31 09:20:00,1,2025-03-31 09:20:00
154200040,PIASECZNO,20.550278,54.219444,105,2025-03-31 09:20:00,1,2025-03-31 09:20:00
152220100,KOZARZE,22.476389,52.669722,144,2025-03-31 09:20:00,,
153190140,SAMBOROWO,19.805833,53.669444,697,2025-03-31 09:20:00,4,2025-03-31 09:20:00
154180040,OSTRZYCE,18.111389,54.256389,57,2025-03-31 09:20:00,,
153220220,WOŹNAWIEŚ,22.749444,53.683611,125,2025-03-31 09:20:00,1,2025-03-31 09:20:00
149190500,RZYKI,19.376667,49.823611,116,2025-03-31 09:20:00,,
151220110,SIEMIEŃ,22.778333,51.643056,50,2025-03-31 09:20:00,2,2025-03-31 09:20:00
153220150,KUCZE ,22.596944,53.782222,76,2025-03-31 09:20:00,2,2025-03-31 09:20:00
153200010,IDZBARK,20.033889,53.672222,80,2025-03-31 09:20:00,2,2025-03-31 09:20:00
152209997,DURANÓW,20.239167,52.199722,132,2025-03-31 09:20:00,,
151220130,BISKUPICE,22.945278,51.155,190,2025-03-31 09:20:00,1,2025-03-31 09:20:00
151210220,KOLONIA NADWIŚLAŃSKA,21.790556,51.124722,191,2025-03-31 09:20:00,,
150180320,RUDZINIEC,18.405833,50.378611,214,2025-03-31 09:20:00,,
151230020,ROSSOSZ,23.131944,51.857778,92,2025-03-31 09:20:00,0,2025-03-31 09:20:00
154150060,ROŚCIĘCINO,15.607222,54.115278,343,2025-03-31 09:20:00,,
154180110,ZAPOWIEDNIK,18.469444,54.038611,72,2025-03-31 09:20:00,4,2025-03-31 09:20:00
153180040,TLEŃ,18.257778,53.62,22,2025-03-31 09:20:00,1,2025-03-31 09:20:00
151140180,OLSZYNA,14.753056,51.666389,157,2025-03-31 09:20:00,,
149190480,ZEMBRZYCE,19.616667,49.772222,214,2025-03-31 09:20:00,,
150200190,KAMYSZÓW,20.474167,50.304167,191,2025-03-31 09:20:00,,
150170360,STEBLÓW,17.940556,50.451667,189,2025-03-31 09:20:00,,
150170330,PACZKÓW,17.016111,50.468889,93,2025-03-31 09:20:00,,
153150030,KULICE,15.168333,53.66,106,2025-03-31 09:20:00,0,2025-03-31 09:20:00
152210130,NOWE KACZKOWO,21.955556,52.728333,119,2025-03-31 09:20:00,1,2025-03-31 09:20:00
152230010,BOĆKI,23.038056,52.651667,129,2025-03-31 09:20:00,1,2025-03-31 09:20:00
154170230,OBROWO,17.599167,54.262778,50,2025-03-31 09:20:00,0,2025-03-31 09:20:00
150170350,KAŁKÓW,17.196667,50.400556,103,2025-03-31 09:20:00,,
150170340,DZIEWIĘTLICE,17.085278,50.415833,100,2025-03-31 09:20:00,,
150200220,GRABIE,20.143333,50.045278,135,2025-03-31 09:20:00,,
154170150,ZAWIATY,17.620278,54.3325,46,2025-03-31 09:20:00,1,2025-03-31 09:20:00
150160430,DOMANICE,16.586389,50.948611,94,2025-03-31 09:20:00,,
153150090,GOLA DOLNA,15.730556,53.749722,294,2025-03-31 09:20:00,1,2025-03-31 09:20:00
151180220,GRABINA,18.762778,51.761111,34,2025-03-31 09:20:00,,
154170130,POGORZELICE,17.595278,54.488333,123,2025-03-31 09:20:00,1,2025-03-31 09:20:00
153160080,STORKOWO,16.495,53.779167,63,2025-03-31 09:20:00,0,2025-03-31 09:20:00
152210180,PUŁTUSK,21.093333,52.702778,187,2025-03-31 09:20:00,,
154160080,CYBULINO,16.617778,54.040278,152,2025-03-31 09:20:00,1,2025-03-31 09:20:00
152150150,ŁUGI,15.693333,52.944444,424,2025-03-31 09:20:00,,
153190020,LISNOWO,19.135556,53.448611,103,2025-03-31 09:20:00,2,2025-03-31 09:20:00
149210200,UŚCIE GORLICKIE-ZDYNIA,21.143611,49.5175,386,2025-03-31 09:20:00,1,2025-03-31 09:20:00
154170040,KWISNO,17.130278,54.085,154,2025-03-31 09:20:00,0,2025-03-31 09:20:00
154160030,KOSZALIN,16.188889,54.185556,270,2025-03-31 09:20:00,1,2025-03-31 09:20:00
154170070,GAŁĄŹNIA MAŁA,17.301667,54.288333,132,2025-03-31 09:20:00,12,2025-03-31 09:20:00
154160160,ZIELNOWO,16.475556,54.441944,79,2025-03-31 09:20:00,,
154150070,KARLINO,15.869444,54.038889,336,2025-03-31 09:20:00,,
152190110,SIERPC,19.670833,52.856944,32,2025-03-31 09:20:00,0,2025-03-31 09:20:00
152210110,ZAWISZYN,21.656111,52.486667,234,2025-03-31 09:20:00,,
154170020,KRĘPA,17.049167,54.418611,60,2025-03-31 09:20:00,0,2025-03-31 09:20:00
154170030,SKARSZÓW DOLNY,17.118611,54.365,211,2025-03-31 09:20:00,2,2025-03-31 09:20:00
153160070,NADARZYCE,16.495833,53.465833,56,2025-03-31 09:20:00,,
154160090,KRĄG,16.723056,54.242778,96,2025-03-31 09:20:00,2,2025-03-31 09:20:00
151160300,WĄSOSZ,16.688611,51.558333,190,2025-03-31 09:20:00,,
153190010,ŚWIECIE,19.098056,53.443333,104,2025-03-31 09:20:00,,
153210010,KRUKOWO,21.108056,53.308889,171,2025-03-31 09:20:00,4,2025-03-31 09:20:00
153210050,SPYCHOWO,21.346667,53.608611,62,2025-03-31 09:20:00,2,2025-03-31 09:20:00
150190050,BIERUŃ STARY,19.088611,50.092778,34,2025-03-31 09:20:00,1,2025-03-31 09:20:00
154179991,STĘŻYCA,17.954444,54.206667,92,2025-03-31 09:20:00,0,2025-03-31 09:20:00
153160030,STARE DRAWSKO,16.195,53.601667,119,2025-03-31 09:20:00,0,2025-03-31 09:20:00
154160100,PIESZCZ,16.769722,54.457222,529,2025-03-31 09:20:00,0,2025-03-31 09:20:00
154169997,SŁAWNO,16.688333,54.365833,336,2025-03-31 09:20:00,,
153210020,KRASNOSIELC,21.154444,53.035278,94,2025-03-31 09:20:00,3,2025-03-31 09:20:00
153140080,WIDZIEŃSKO,14.744722,53.665556,178,2025-03-31 09:20:00,,
153210040,MYSZYNIEC,21.340833,53.386389,103,2025-03-31 09:20:00,1,2025-03-31 09:20:00
154210030,BYKOWO,21.110556,54.220556,103,2025-03-31 09:20:00,2,2025-03-31 09:20:00
153200160,WIELBARK,20.944167,53.401667,302,2025-03-31 09:20:00,2,2025-03-31 09:20:00
153160260,CZARNE,16.951111,53.694444,270,2025-03-31 09:20:00,2,2025-03-31 09:20:00
152190160,BABIEC,19.689444,52.902222,95,2025-03-31 09:20:00,,
151230030,OKUNINKA,23.522778,51.521667,32,2025-03-31 09:20:00,1,2025-03-31 09:20:00
152200070,WŁADYSŁAWÓW,20.354167,52.322222,113,2025-03-31 09:20:00,1,2025-03-31 09:20:00
152199997,KUTNO,19.350278,52.2325,243,2025-03-31 09:20:00,,
153150040,GOGOLEWO,15.1725,53.3825,136,2025-03-31 09:20:00,2,2025-03-31 09:20:00
149190320,ZAKOPANE-DOL.STRĄŻYSKA,19.935556,49.276111,188,2025-03-31 09:20:00,0,2025-03-31 09:20:00
153150120,DRAWSKO POMORSKIE,15.810833,53.526944,56,2025-03-31 09:20:00,3,2025-03-31 09:20:00
151190070,GIECZNO,19.443056,51.996944,120,2025-03-31 09:20:00,1,2025-03-31 09:20:00
149200180,SZCZAWNICA,20.493333,49.420278,70,2025-03-31 09:20:00,1,2025-03-31 09:20:00
153140100,ŻELEWO,14.863333,53.2775,197,2025-03-31 09:20:00,3,2025-03-31 09:20:00
153150080,ŁOBEZ,15.613333,53.629167,62,2025-03-31 09:20:00,3,2025-03-31 09:20:00
153190030,PRABUTY,19.199722,53.779167,269,2025-03-31 09:20:00,,
153160250,OKONEK,16.835,53.524722,352,2025-03-31 09:20:00,0,2025-03-31 09:20:00
151160260,SŁAWA ŚLĄSKA,16.075278,51.880556,345,2025-03-31 09:20:00,,
149230020,BUDZYŃ,23.122222,49.984722,239,2025-03-31 09:20:00,3,2025-03-31 09:20:00
151160030,RADZYŃ,16.038056,51.872778,193,2025-03-31 09:20:00,,
152210140,JAGODNE,21.978056,52.201667,244,2025-03-31 09:20:00,1,2025-03-31 09:20:00
